sample_id,cohort,sample_number,vol_input,dilution,ACTB,CAPN6,HSD3B1,PSG7,S100A8,PKHD1L1,TBC1D15,RGS18,BPI,KRT8,CD180,OAZ1,CGA,HSPB8,VGLL1,S100A9,APLF,DGCR14,AVPR1A,CD24,MPO,ENAH,GAPDH,CGB,LGALS14,ANXA3,S100P,CPVL,DAPP1,TFIP11,CEACAM6,NFATC1,SAMD9,CYP3A7,CSH1,PAPPA,CAMP,RAB27B,MMD,MOB1B,VCAN,CEACAM8,NFATC2,FSTL3,CSH2,PLAC1,DEFA4,RAP1GAP,KLF9,PPBP,DEFA3,CNOT7,SLC2A2,CSHL1,PLAC4,LTF,FAM212B-AS1,P2RY12,RPL23AP7,ELANE,CD2,ADAM12,GH2,PSG1,MMP8,LYPLAL1,RAB11A,MAP3K7CL,HMGB3,CD5,ALPP,HSD17B1,PSG4,PGLYRP1,FRMD4B,CLCN3,POLE2,HMGN2,CD160
PT_Penn_10,PT_Penn,10,2,5,6.161929509,17.0030837,14.19320186,12.85402964,5.093352946,9.970280982,9.872718412,4.544952819,10.99372173,14.52842164,11.85381363,5.893295122,10.8254024,17.21518907,17.47307108,4.719257023,8.887890804,14.85540204,13.68842765,15.208611,14.8276459,14.04577606,5.786843918,17.82662413,14.10283958,18.70382235,10.26711129,13.6577928,7.272705728,13.13256648,13.7934031,12.565009,11.26862616,17.1381244,14.27119797,16.63676041,10.91504279,7.301666383,7.190010399,8.619230393,10.24127157,14.32720628,11.26034332,22.85802741,9.16991181,999,10.16169099,17.54212645,12.92749218,2.5,6.21644126,11.12578099,999,13.18647161,10.8225048,12.49676813,14.63167454,8.201695617,10.48781655,14.38893447,11.91720431,15.55863297,14.98936185,13.03384002,12.582804,9.34762736,7.982278862,6.942541802,12.09385713,14.26514885,18.38198325,16.74621911,15.98556675,12.91113396,8.906490262,8.305977135,13.63379945,13.09447519,14.88864957
PT_Penn_10,PT_Penn,10,2,10,6.550802324,17.98467368,14.67898294,13.51637174,5.525395837,10.59941836,10.39826216,4.89967137,11.59415542,15.1743639,12.46365163,6.252581268,11.34180237,17.57211823,17.82663573,5.200598572,9.331479257,15.60569744,14.06000393,15.7189252,15.18081759,14.49958304,6.348806309,18.61482921,14.62552504,19.58932809,10.85128475,14.25461698,7.765059779,13.63937706,14.41971037,13.02757881,11.83527562,18.38678556,14.69560259,17.37280648,11.33006334,7.782038513,7.588515151,9.264858645,10.56959239,14.75744474,11.83289265,999,9.589873924,999,10.64419418,17.99115147,13.38712784,2.989069595,6.551795956,11.61307708,999,13.6789247,11.19746472,12.95999173,15.24988099,8.544728819,11.01148483,15.01763825,12.33095866,15.73822516,15.95627389,13.43399216,13.0535842,9.886126945,8.690846257,7.39444085,12.58872298,14.55776416,18.87428413,16.97563085,16.53415008,13.37760509,9.508232947,8.790795779,14.1238261,13.60072764,15.31740391
PT_Penn_10,PT_Penn,10,2,20,7.211307658,18.57444268,15.28889868,14.087289,6.182416598,11.11728513,10.8645365,5.512096328,12.08789378,15.21529092,13.05267563,6.809647871,11.86328738,18.62441917,18.71304698,5.747090783,9.850323008,16.25416615,14.75133005,16.49519425,16.14632091,15.37057527,6.754063377,19.32541465,15.32266529,19.94347429,11.33292457,14.61468707,8.303374612,14.32516778,15.04838379,13.69840443,12.25938245,18.14857065,15.46780572,17.85625971,11.98302659,8.227774021,8.136145876,9.732683443,11.29256816,15.46168059,12.25416264,999,10.22284249,999,11.21286453,18.94260632,14.08198124,2.5,7.196621037,12.12952479,999,14.42446898,11.60667246,13.62476123,15.74562411,9.074500458,11.55781081,15.89321167,13.01707888,16.77917416,16.45294346,14.19661657,13.65433047,10.37146856,9.037753545,8.008859106,13.22018474,15.36497182,19.28768042,17.59251534,17.32028765,13.90679659,10.02654838,9.269218417,14.58051212,13.96031927,15.90001693
PT_Penn_12,PT_Penn,12,2,5,8.39248913,15.11151758,15.00836987,13.64737568,6.782411205,14.34366185,11.76038608,6.785837331,13.77698988,16.71246929,14.30614793,8.369162335,11.50404009,18.2043295,18.07085077,6.356637986,12.18971492,17.70907473,17.30617971,16.55816557,15.71760256,14.35368609,7.987544174,17.33070501,14.73987045,21.29807767,10.91502592,16.95490921,9.967370903,16.10815269,15.46376157,15.4738996,12.2116871,20.18972369,15.79302663,19.30874309,13.56961328,10.4044122,10.48098169,11.14746487,14.57637627,15.3738029,12.31694385,999,10.4764272,999,11.82872849,999,15.50963443,4.271839191,7.63691239,12.16849175,999,13.9867329,11.2277849,15.57517453,17.91265991,11.57871141,12.22622969,17.74902395,12.68830714,999,18.52752384,14.8223256,14.78224265,12.10996862,10.69537257,9.193282392,13.75953308,14.88301102,999,999,19.55729583,14.41906715,11.37852265,11.58719818,15.09374917,15.62437471,16.27643198
PT_Penn_12,PT_Penn,12,2,10,9.284842176,16.31203587,15.97668198,14.31447379,7.634743796,15.32106754,12.64000266,7.607415702,14.52351637,17.30291191,15.25554922,9.215463921,12.47667455,18.80726518,19.11014839,7.195958899,13.01581636,18.83713139,18.36649302,17.72747897,16.60579198,15.15252978,8.887766361,18.40591084,15.59804729,22.62022246,11.77242926,17.75510097,11.00345336,17.42149007,16.40095294,16.23304461,13.18512882,21.00701125,16.77859664,20.30489911,14.36045672,11.40971525,11.3136651,12.12082949,15.44718083,16.01379505,13.30974886,999,11.54320391,999,12.8274126,999,16.54948108,4.981602934,8.440637067,13.05231487,999,14.90011246,12.03205911,16.18510153,19.14686671,12.37935972,13.19705637,18.5677175,13.45551503,999,19.23606473,15.93257379,15.87062295,13.16656312,11.71266864,10.16540754,14.63923025,15.63375625,999,999,21.48016043,15.4774099,12.31086117,12.55712149,16.26449097,16.79870575,17.93662101
PT_Penn_12,PT_Penn,12,2,20,9.878366803,16.7826552,16.57885356,15.50797143,8.475589643,15.87822689,13.260991,8.329732383,15.48968083,18.03246943,16.22818095,9.957715181,13.09360049,19.55980246,19.63841488,7.918642604,13.75873708,18.68274701,19.09485199,18.02385353,17.93724161,15.93697689,9.525230659,19.30045537,16.52679697,23.44725502,12.49540316,18.07710726,11.6730691,17.26311085,17.0618948,16.98490607,13.99662287,22.45833903,17.22241314,21.45421385,15.11087602,12.0095502,12.06261662,12.86726255,16.29534105,16.82327644,13.90531321,999,12.09596418,999,13.4953467,999,16.68238643,5.450296225,9.261474432,13.83345838,999,15.58516131,12.64899334,16.93998364,19.91516597,13.23805594,13.90956542,19.52417907,14.44483723,999,20.32872962,16.67807711,16.33544516,13.99116147,12.24837081,10.94820017,15.27813708,16.37596118,999,999,21.17540548,16.08706301,13.01684847,13.09992539,16.50675671,17.24238338,18.10065651
PT_Penn_15,PT_Penn,15,2,5,10.53200637,19.10676332,999,999,7.350569186,15.19594091,14.21002878,8.987572003,13.81551324,999,15.08775891,10.04664984,13.6911094,999,999,6.961379964,13.65244139,17.50911687,18.52215023,17.37995025,16.19414468,15.43537824,9.48579769,999,999,21.70048165,13.24824412,14.96991523,11.75019882,16.39507017,15.01819947,16.83488121,14.65303339,999,17.96569019,17.88025319,14.5545269,11.75632461,12.61666365,14.36401568,14.71992108,17.12862816,14.23294835,999,13.49985646,999,12.70980162,15.96975288,19.24202211,6.021596754,9.210895394,14.6146382,999,16.53906421,13.54699113,14.02871858,999,14.78973721,16.08929427,19.30531408,15.29076162,18.57893922,18.1379699,999,15.46890442,14.92402621,13.2263217,11.2198097,15.06854314,17.50230677,999,999,999,15.61201978,13.79041208,14.03319865,16.1102519,17.71899371,19.10012752
PT_Penn_15,PT_Penn,15,2,10,11.37848973,19.65265323,999,999,8.438201918,16.16541636,15.02864738,9.869741036,14.75872986,999,15.9988587,10.89236009,14.64732156,999,999,7.858464771,14.68657651,17.94410686,20.10978058,18.8435799,17.06922546,16.15096151,10.28049422,999,999,22.48229947,13.93756901,15.85627205,12.72258581,17.18744342,16.05898857,17.88377704,15.3592027,999,18.6598343,18.63705961,15.51748723,12.7579244,13.52648228,15.07136468,15.64364916,17.44206871,14.9477741,999,14.52980519,999,13.64432121,16.90493713,20.37220524,6.94391794,10.04339452,15.45385937,999,17.59751582,14.28369396,14.92852852,999,15.74740639,16.87440815,19.34159711,16.18427493,20.12240933,19.54621266,999,16.15696231,16.00704158,14.30530097,12.07962789,16.24513684,18.01744651,999,999,999,16.42323774,14.62688767,14.84527446,17.30744927,18.08549619,21.23405108
PT_Penn_15,PT_Penn,15,2,20,12.28930932,20.089443,999,999,9.343974972,16.55015198,15.67362555,10.638852,15.3106761,999,16.83685976,11.773897,15.52306068,999,999,8.66218182,15.73643912,19.19301014,20.94909035,19.3001684,18.46104969,17.19420582,11.13187113,999,999,24.57349111,14.76653125,16.56249786,13.54943154,18.28980612,16.57216904,18.83405755,16.4758442,999,19.74636654,18.7698285,16.12174925,13.57499389,14.35740124,15.6423336,16.59929055,18.37153308,15.74332192,999,15.24360303,999,14.52193995,19.60018018,20.59340379,7.673094385,10.99698046,16.47789615,999,18.25370789,14.90127955,15.65777192,999,16.2710505,17.78537376,999,16.90290111,20.17966123,19.00749866,999,17.08010508,16.77856277,14.92914532,13.02507727,17.07396543,19.22679531,999,999,999,17.07058971,15.58422083,15.69767941,18.33483753,19.81363038,20.57187328
PT_Penn_17,PT_Penn,17,2,5,9.995018444,999,20.9991042,999,8.051913679,17.91030586,11.16128306,6.548089647,14.02213402,19.75740805,16.77285333,11.74837652,17.55570773,999,999,6.838205003,13.88053191,18.17809396,18.52572377,19.59032214,18.46961726,999,10.07390556,20.88225952,999,20.21406401,14.30604798,17.91087668,10.01367323,19.96704041,15.40628823,19.93065787,13.94666415,16.74459136,19.4093559,999,14.56462766,11.74634649,12.23450377,12.8745182,14.39611319,18.50563538,14.50406664,999,16.89605408,999,14.5634497,999,18.28187697,6.453376621,9.051647813,14.85939788,999,41.85679602,15.18451807,15.74687572,16.42443107,15.95678349,16.96176212,999,16.08516288,999,999,999,18.01768067,13.77188797,13.10780412,11.66276775,15.62939273,19.9871847,999,999,21.89701714,15.36844689,12.50675835,12.78856014,16.16079384,999,999
PT_Penn_17,PT_Penn,17,2,10,10.70197696,999,999,999,8.642516972,18.79893738,11.85994278,7.412045203,14.92561489,20.87386555,17.68438546,12.5174338,19.16824903,999,999,7.622439704,14.60165785,18.86008665,19.44461916,19.51809023,20.22946736,999,10.70299362,21.33825013,999,21.98160115,14.85511183,18.88938726,10.78283423,21.09187871,16.15033481,19.15972892,14.83475141,17.86569032,19.21833544,999,15.25522547,12.57418106,13.15763334,13.66784215,15.29578736,19.42814992,15.28187663,999,17.31594499,999,15.30714921,999,18.01347191,7.105739697,9.74860184,15.5654891,999,999,16.02676156,16.40246324,16.84231845,16.88156344,17.8513752,999,16.69819638,999,999,999,18.7114226,14.64119607,14.00706726,12.39772941,16.63484605,21.15000679,999,999,20.60143422,15.87834593,13.28108207,13.56302618,16.58213687,999,999
PT_Penn_17,PT_Penn,17,2,20,11.46503455,999,22.60526511,999,9.683394832,19.01430958,12.68085362,8.158328582,15.52243628,21.76616687,19.21493713,13.22602554,19.60967923,999,999,8.415331088,15.38526947,19.04113409,20.61450985,20.51852138,20.21485693,999,11.49181393,22.4064367,999,24.92035827,15.6588561,19.56582547,11.66123066,21.96655392,17.00566764,21.05858846,15.91712651,18.45953844,21.01260534,999,15.79755585,13.35524098,13.93097802,14.50204575,15.97795331,20.11479291,15.92685814,999,18.31406811,999,16.40356043,999,18.82328729,7.900756436,10.55614289,16.51842949,999,999,16.70978821,17.82527947,17.78850846,17.16014457,19.0775187,999,17.66285034,999,999,999,20.4281046,15.75047105,14.65863083,13.36772818,17.3335261,22.33456495,999,999,23.09052258,17.15689132,14.02962115,14.27454204,17.57697125,999,999
PT_Penn_18,PT_Penn,18,2,5,9.39617427,999,16.62526669,15.28100436,6.25816055,13.34419962,10.97852902,6.228492436,14.23339422,17.66173818,15.27171938,9.212764483,11.99787068,17.22164116,18.83431754,5.639141519,11.95726592,18.15525954,18.41675144,17.81778403,17.05080836,17.62825414,8.535120046,999,16.53111372,20.21831312,11.92801324,17.79072748,9.490144686,17.01457411,16.98413903,16.28795316,13.50541023,999,17.74426357,999,13.48978007,9.960358523,9.900369995,11.58575809,12.90308018,15.91473056,13.68053263,20.53662329,12.25862507,999,14.46733826,999,16.09231456,3.957652304,9.108811621,13.59450885,999,15.92146656,13.26929207,15.7779114,17.72169621,11.51001521,16.5071593,999,14.78529153,18.06884691,33.66170871,17.07866,16.10566695,12.0461907,10.89427357,8.809887158,14.7612533,17.82603793,999,999,17.88689487,15.79839903,10.98484863,11.30061324,14.81332649,16.98684409,19.15502823
PT_Penn_18,PT_Penn,18,2,10,10.0927609,999,17.77149156,15.93437856,7.269945549,14.18576431,11.8172961,7.114009866,15.07316078,19.34790274,16.33061386,10.02546172,12.89879253,18.14534932,20.6196366,6.410928585,12.93312487,18.51750211,19.4916056,19.06509324,18.28195029,18.46354572,9.395176125,999,17.35718694,22.85330309,12.68159915,18.83698476,10.39006418,17.51875315,18.35455469,16.99583527,14.57261301,999,19.1207374,999,14.37548697,10.82906718,10.83318716,12.58525894,13.85940828,16.97587171,14.6039637,21.05528264,13.04770742,999,15.34240539,999,16.95982985,4.791374785,10.0460298,14.54349132,999,16.90089126,14.02215609,17.02038362,18.33097765,12.43972087,17.23750279,999,15.59702458,18.92062598,999,18.11880462,16.9088684,13.08624019,11.77564629,9.797745996,16.04268917,18.78017473,999,999,19.26175598,16.36564856,11.76466747,12.22060343,15.78969315,18.4546254,20.69753373
PT_Penn_18,PT_Penn,18,2,20,11.110771,999,18.80573827,16.87522946,8.304050972,15.31873019,12.79083511,8.044960001,16.09374775,20.16458885,17.21813069,10.90269118,13.82768519,18.9552736,23.40796987,7.51487637,13.82411477,19.76070858,19.98449082,20.83232827,19.19818951,19.98104162,10.30470427,23.24896614,18.25516932,23.85375436,13.68948004,19.27407004,11.36284987,19.32240678,19.07904228,18.12529239,15.64083066,999,19.65421034,999,15.03244724,11.81431671,11.78856024,13.53120122,14.72551299,17.43009836,15.31734517,21.88538026,14.2671906,999,16.33465357,999,17.79193871,5.512315853,10.86865867,15.43527324,999,17.65824975,15.03663496,17.78816015,19.64753805,13.50611639,18.13176963,999,16.38310087,20.10475479,999,18.93539152,18.07755442,14.3071783,12.67453948,10.74023121,16.39753205,19.65777624,999,999,19.78998923,17.51501954,12.67170264,13.1362189,16.6258508,19.05855031,20.2780476
PT_Penn_24,PT_Penn,24,2,5,12.15879298,18.71157685,17.60957086,27.37283099,5.839198058,14.05924201,12.2229537,5.712764926,14.53074055,19.24078467,16.64693789,9.468078452,13.51217771,999,999,8.751775524,12.17910957,18.26796707,15.77144238,20.24305355,16.51436122,17.48245232,8.377754681,17.89214717,18.38426188,18.72574282,11.45697704,17.5940387,13.14041171,17.78876398,16.50287461,16.05166427,14.36110877,999,999,999,11.31474634,11.70092827,9.438858528,11.73795277,12.93492781,14.79603927,15.68492914,33.6009139,13.0550633,999,11.38051271,999,19.92994145,4.007451221,5.437267764,13.13366247,999,18.83296439,14.08791307,13.56928391,999,12.19042439,16.51241897,19.97170697,14.59748946,999,999,19.30036579,13.51162496,11.94377817,9.996383841,7.454444781,14.72094435,17.76476228,999,999,19.02962258,12.85317865,11.28078691,10.96967186,15.03919396,19.43290978,19.49421128
PT_Penn_24,PT_Penn,24,2,10,12.96040392,18.98486494,18.72661142,32.3814915,6.625957338,14.65912536,12.96351884,6.408664105,15.74372849,19.60944125,17.32911179,10.42352451,14.50337329,999,999,9.463101517,12.98861162,18.91992966,16.47792219,21.05573667,17.38816991,18.95505144,9.027040143,18.81835686,20.50335818,19.63064487,11.98335779,18.44858281,14.06364365,19.12316593,16.87281532,17.02947577,15.4455424,999,999,999,12.21564599,12.67884754,10.25477909,12.78799605,13.8636169,15.68117931,16.60706884,999,13.99233893,999,12.441647,999,20.93071313,4.81683517,6.093606044,13.88103171,999,20.14072422,14.87469172,14.67413533,999,13.09086572,17.47312906,21.20694757,15.55698341,999,999,20.93053704,14.62297596,12.9687172,10.95396365,8.261812426,15.83020423,18.74117873,999,999,19.20285971,13.78938316,12.19464475,11.90196659,15.68262242,20.06699807,21.80902366
PT_Penn_24,PT_Penn,24,2,20,13.6004756,19.67119852,19.24065887,999,7.42219856,15.28502753,13.74050013,7.224227145,16.28204788,20.1406177,18.7436834,11.0894264,15.06349646,999,999,10.25429094,13.59942742,19.00064557,17.64365122,21.71761034,18.28736182,18.66723202,9.770353948,19.58766985,19.75245031,21.50993468,12.78041921,19.51957199,14.75726954,21.43827558,17.63205255,17.57795255,15.97787892,999,999,999,13.00494154,13.43051134,11.05260109,13.43117817,14.67065182,16.52079348,17.16968513,999,14.81128053,999,13.14549361,999,21.40806978,5.37017767,6.932059552,14.60980158,999,20.14924549,15.55044992,15.20089186,999,13.96682972,18.17818193,19.95448383,16.02605132,999,999,999,15.01742501,14.04380479,11.33683136,9.141198231,16.2868515,19.43022283,999,999,20.85181557,14.38690464,12.98395315,12.46450455,16.48422213,22.73116868,22.63082295
PT_Penn_25,PT_Penn,25,2,5,9.825240555,16.21791614,999,16.73975944,7.456348451,14.49098355,11.5579871,6.134996176,14.59551294,17.84273441,14.42770787,10.38626185,13.42363811,999,999,6.948890788,12.70794083,17.04874133,15.18756563,15.75736816,15.50677637,999,9.448750409,19.0376787,18.24415466,18.81415621,13.0774779,18.3944674,9.230928734,17.34914095,13.00983007,17.18061995,15.7671006,17.90042372,17.64493325,999,13.17326894,9.535124675,9.656612979,11.38081455,14.49579633,15.50156865,14.39194846,999,12.22026798,999,12.14652044,999,15.36840019,4.383416742,7.581933778,14.03480657,999,16.96702009,12.16327509,12.35725002,16.37682816,11.69195052,12.46579866,16.51422374,16.44214191,999,17.99961535,15.8917319,15.45113941,12.35191027,10.82849048,8.769192923,14.520282,17.66372963,999,999,20.16589234,14.73787449,11.70007713,11.24133947,18.03548056,17.87054516,999
PT_Penn_25,PT_Penn,25,2,10,10.71120644,17.48932155,999,17.53553375,8.513407593,15.45683289,12.59356699,7.064730239,15.52309357,18.42023522,15.60704173,11.27099565,14.42482922,999,999,7.877438186,13.72689683,18.64133056,15.96480528,16.82291798,16.72310635,999,10.37459759,19.52246835,18.36007431,19.72508037,13.89778871,19.95994691,10.18942556,17.85036565,14.00742251,18.33609483,16.79716176,18.39578485,18.20400404,999,14.11907173,10.47278325,10.51321279,12.48936726,15.27871862,16.38158926,15.46538365,999,13.13567676,999,13.39008822,999,16.45992888,5.257908646,8.485648113,15.05091666,999,17.84236337,12.8386662,13.35676005,16.90210433,12.7047589,13.33848416,17.046274,17.44635927,999,18.248411,17.00266686,16.5860228,13.28032011,11.89981741,9.724881445,15.45279069,18.68848911,999,999,21.66352172,15.49015106,12.65976148,12.19536998,18.74323691,19.11739969,999
PT_Penn_25,PT_Penn,25,2,20,11.64958149,18.76102774,999,18.64928225,9.644091989,16.52995121,13.46008677,7.951639688,16.13821965,19.8341608,16.79569903,12.12332888,15.17023249,999,999,9.067003085,14.57412446,19.06665037,16.8004265,17.75318232,17.37701521,999,11.41937342,21.38334674,20.03128851,22.17946903,14.7213815,21.12368409,11.25243373,18.89585056,14.90758711,19.23112512,18.23581047,18.97861523,18.88975906,999,14.87141815,11.39702101,11.47759699,13.34377376,16.4749846,17.04053583,16.42291841,999,14.00877721,999,14.11731425,999,17.84197255,5.973372062,9.319967028,16.06715024,999,18.71714209,13.80437982,14.12504944,18.29234551,13.40085498,14.05367662,17.8994762,18.17822685,999,19.15589228,17.92118252,17.29813412,14.3947544,12.70558796,10.4894559,16.42324329,19.89870578,999,999,21.20356124,16.46185185,13.5258529,13.05287595,20.43254425,19.84941413,999
PT_Penn_28,PT_Penn,28,2,5,19.24754127,21.47669617,19.6793426,19.28751988,7.009581364,17.65840286,17.1849414,8.036829851,18.23447056,21.36187466,23.28400978,11.76084257,15.3142106,20.72454888,999,13.56159754,16.87134915,999,999,19.64366166,17.57353772,999,9.635303734,999,16.57319739,20.77783218,12.21153455,20.94759589,21.62970972,999,18.84085104,16.90494343,19.8611087,999,17.51614777,999,12.669771,20.73754874,12.31717164,17.45097295,17.96818474,15.28964381,19.91536917,999,14.95852351,999,11.6257434,999,999,9.442120439,6.536313041,15.5375796,999,15.90568264,17.29335784,15.36833414,999,15.06962301,13.66110746,22.60722963,16.73395128,20.45640871,21.45123524,17.36974752,13.25823725,17.48280461,12.69064278,10.74798956,14.93480641,22.12052937,999,999,999,13.38077284,14.29263064,13.97722794,16.82328434,16.9565932,999
PT_Penn_28,PT_Penn,28,2,10,21.75276074,21.62688757,20.34735149,20.45759627,7.831686801,18.48602776,17.80059141,8.807607337,19.67942447,22.53201328,999,12.78990874,16.44819675,22.18715517,999,14.3930676,17.86527757,999,999,21.22372563,19.54836266,999,10.48941053,999,17.4447847,22.73980319,12.88872709,22.79172063,23.01235246,999,20.28581931,17.75718506,21.54904281,999,18.78934526,999,13.64939102,21.31844801,13.21449243,18.90641711,18.64588156,16.51114838,20.12275798,999,15.74371393,999,12.90832257,999,999,10.69624556,7.337715692,16.29172383,999,16.45626934,17.90441388,16.42349945,999,16.20905929,14.45579724,22.66271167,17.30624265,21.73384021,999,18.73845153,14.69701656,18.72125145,13.93024533,11.4437337,15.62883274,21.85692783,999,999,999,14.11233214,15.36039957,15.04515246,17.6796609,18.39635982,999
PT_Penn_28,PT_Penn,28,2,20,21.00187977,21.96982391,24.04337959,21.37442253,8.739578303,18.86920893,18.49547782,9.682044473,20.05894303,999,999,13.44173565,17.32359417,22.57085654,999,15.3684449,19.42544796,999,999,21.85858008,20.06796213,999,11.39157511,999,18.34292418,22.8116009,13.57357666,23.87859916,22.08338896,999,20.39212975,18.67271498,22.08231187,999,20.05949632,999,14.50348189,21.10325269,14.15909664,19.55970784,20.63795424,17.21534236,21.20967219,999,16.51873735,999,13.62870148,999,999,11.31836387,8.22662934,17.36137199,999,17.60627668,19.58679258,17.39063812,999,17.67237871,15.325266,22.61318119,18.45092154,21.02424279,21.404085,19.24308993,15.4678077,19.18341307,14.44217796,12.41661196,17.13021568,22.84066028,999,999,999,14.93814803,15.99397041,15.47450836,18.50280741,19.38769028,999
PT_Penn_4,PT_Penn,4,2,5,13.53095709,999,16.88064796,16.59501321,10.29315931,17.52891434,16.0427369,10.12906441,17.0937668,999,18.99134797,12.74600995,13.83282543,999,18.11911521,12.34098174,15.78196995,999,999,21.62803408,999,18.84770827,11.72258773,19.76790459,15.9166009,23.68699274,15.77282768,17.98738542,16.50756722,19.28776307,20.96442733,999,15.47814241,999,18.59113957,999,18.30005287,17.07161132,13.54648969,15.60890835,999,19.36313737,16.11807663,999,12.42796418,999,16.08281841,19.3424597,22.76719712,9.243998673,11.13383154,15.07151115,999,15.98346049,12.53471794,999,999,16.93207527,16.69622356,20.47049147,16.74709045,19.72432312,18.00026215,17.10256379,20.70974315,17.0669796,15.61412861,11.79934389,16.15802562,20.62485278,18.56016066,999,18.97848788,18.00754214,15.93764192,17.25732122,17.68514565,999,19.71587147
PT_Penn_4,PT_Penn,4,2,10,12.21929848,999,15.80140931,15.80770963,8.570002902,16.14829072,14.37193209,8.809964034,15.51509695,999,16.55523717,11.44720732,12.28900623,999,16.74604764,10.69147454,14.19299884,999,999,20.31164077,999,17.96384739,10.18546556,18.98265933,14.15645172,21.6643971,14.56972683,16.86811931,15.09835901,18.00360312,18.47098441,999,14.03460512,999,17.29497633,999,16.93409394,15.34203128,12.20255961,13.7613581,999,17.38682644,14.64909575,42.3992684,11.14468019,999,14.47958019,18.23294936,20.11575761,7.660310638,9.707876082,13.62617784,999,14.51747759,10.97686684,999,999,15.26662498,15.25196829,18.91161778,15.42628058,17.79819368,16.57094382,15.22893999,19.10421549,15.42503776,14.06740453,10.25244542,14.60810665,19.3465949,17.16351951,999,17.96132745,16.99049553,14.49325853,15.97247787,15.96894514,999,18.41469144
PT_Penn_4,PT_Penn,4,2,20,12.94648562,999,16.62037707,16.14552139,9.393357602,16.86451676,15.27879781,9.503763062,17.03415888,999,17.6600362,12.23588509,13.26427129,999,18.58904083,11.4782983,14.90248852,999,999,21.12900816,999,18.27228797,11.20863547,19.43262259,15.01807476,23.00634325,15.12959165,17.86855513,16.11395643,18.96731034,19.81606039,999,14.78178993,999,18.34826323,999,17.63363438,16.08091761,12.94465568,14.66836532,999,18.35483105,15.49607282,999,11.73204678,999,15.56089331,19.4265532,19.6076376,8.731248554,10.46239651,14.56463447,999,15.37913577,11.84762621,999,999,16.47578353,15.881106,19.4885963,16.84595364,19.03066253,17.11288015,16.22398176,20.18932866,16.46650698,15.52069674,11.14348157,15.28453611,19.80624454,17.71734145,999,18.87493107,17.51559894,15.22323388,16.71395819,16.62462931,999,21.54706728
T_Penn_14,T_Penn,14,2,5,9.237828062,18.58127866,15.72554667,15.15517466,4.61447381,17.63663134,13.05971534,9.87828043,10.65236768,16.3997103,14.68408993,8.721762326,12.41641855,18.06725565,18.27612103,4.476074605,13.60494043,999,18.40001529,14.7032211,14.35413318,15.18920974,7.78683597,20.62731782,16.48503411,18.86066516,10.25771939,15.81635615,11.9481514,14.3203298,13.99054478,16.2755847,12.98662797,999,16.71849141,999,10.02790449,13.83496002,12.8926761,13.282224,15.41390445,13.78355325,13.82321173,999,11.93101186,17.29971064,9.769448688,16.1009633,16.61755557,7.325758755,5.170985564,12.45242835,999,15.48047099,12.86242338,12.72346258,999,14.97149301,16.10749629,16.9196714,14.11148804,999,17.82195555,16.05231561,12.13029531,14.08134785,12.89762153,13.11992857,13.73286975,16.24676035,20.32542329,999,18.2691768,12.30927299,14.22386525,13.90110756,17.87700575,17.04587866,18.16387381
T_Penn_14,T_Penn,14,2,10,9.803579365,18.91717591,16.40665612,15.82464185,5.198518325,18.2324973,13.73156387,10.35507726,11.52079443,17.24417089,15.36609194,9.195220282,13.21516344,18.79441799,19.21966704,5.012315572,14.28408964,999,18.68397683,15.31610225,14.73919938,15.91452885,8.456839886,21.02412031,16.7616765,19.01462413,10.92197585,16.67686507,12.64877176,14.96530692,14.6111502,16.64313659,13.71109812,999,17.49506812,999,10.75316287,14.30539885,13.47371984,14.23900734,16.236731,14.34787934,14.51188243,999,12.61300854,17.70492796,10.44449652,16.58298402,17.3182623,8.027114338,5.745389404,13.54916855,999,15.96902452,13.45861504,13.42174288,999,16.1933103,16.62353915,17.73191392,14.68172026,999,18.23055223,16.76649781,12.82739035,14.74787014,13.90024983,13.81151633,14.29603667,17.1592475,19.74176836,999,18.75026113,12.84356694,14.73439304,14.76796947,18.92783202,17.54059082,19.94659423
T_Penn_14,T_Penn,14,2,20,10.43311132,19.8178722,16.96561237,16.17371736,5.719587183,18.69142708,14.09920892,10.91363607,11.87174414,18.1297003,15.74066606,9.83804419,13.63543422,19.17604491,18.85304052,5.532145798,14.72429807,999,19.3589182,16.01024147,15.56181684,16.43226092,8.871425143,22.36442916,17.24501315,20.29805164,11.26211758,16.90861276,13.23545382,15.54211624,15.02937525,17.44022617,14.35112746,999,17.74165707,999,11.17909386,14.71086199,13.9693688,14.56336883,16.36234081,14.98216095,14.83080847,999,13.16408036,18.77264416,10.9679558,17.40115283,18.198161,8.524083563,6.325790389,13.83697264,999,16.3342839,13.73784992,13.87968936,999,16.10924223,17.31897354,18.01090948,15.29691745,999,18.85102869,17.16928446,13.35854112,15.38871785,14.08921093,14.25414588,14.89513579,17.08818972,20.18000459,999,18.82303196,13.39377342,15.37123824,14.92145335,19.05130796,17.75448337,20.25223934
T_Penn_3,T_Penn,3,2,5,11.59738165,17.10589869,15.92884123,14.9612247,9.173884094,16.35012455,15.09615371,10.57454847,15.5698254,16.24812897,16.17437865,11.487438,11.16578987,19.25915546,999,9.823499748,14.1311415,999,18.94966532,18.79352122,17.09707464,15.46639313,10.54693715,17.34656764,15.0710842,22.50560432,12.64385784,17.26448503,14.05364452,17.43988757,17.10357416,16.54011877,14.58505607,999,16.09179128,17.28734423,16.83055004,13.83074133,14.15256742,15.54335931,17.2515352,999,15.68810193,999,10.53428496,999,13.11179316,16.61080905,17.79960354,8.200012353,9.64095017,14.24715486,999,14.7775904,10.8757957,16.93175091,999,15.51353125,17.34231865,20.66808863,15.53771559,18.96909027,17.19678374,15.59370948,17.60594675,16.42505594,14.17125614,13.7927656,13.65280875,999,999,999,18.1845029,16.05374135,15.48361993,15.60084694,19.12894404,18.81865195,999
T_Penn_3,T_Penn,3,2,10,10.72691893,16.51059848,15.30626097,14.78404447,8.588853935,16.00649544,14.62877949,10.01319071,14.95303185,15.84314628,15.67457429,10.93563812,10.63294419,18.70804569,999,9.228424792,13.70325326,999,17.93039739,18.04699216,16.78909956,14.71513907,10.29294051,16.82256771,14.8813569,21.61422671,12.2844623,17.49120076,13.46327448,16.89213798,17.037,16.05732776,13.99824478,999,15.59178148,16.70810787,16.18548345,13.34118255,13.52431863,14.96919494,16.86813874,999,15.28736914,999,9.941736086,999,12.5455225,16.33317621,17.38332397,7.706926826,9.037107971,13.56174041,999,14.11990455,10.36000324,16.78185335,999,14.78850689,16.3262192,19.24597037,15.16121622,18.56166481,16.20959921,15.08866274,16.83218351,15.59679604,13.92039729,13.30956353,13.27829446,999,999,999,17.4504431,15.62931406,15.0084419,15.14132906,18.11582032,17.81667335,999
T_Penn_3,T_Penn,3,2,20,11.18632207,16.85666875,15.91448259,15.03518516,8.980344185,16.35802785,14.86519408,10.38284471,15.6106445,16.09005743,16.17371946,11.37526945,10.99908742,18.67118445,999,9.796631032,14.22551279,999,19.05778149,18.86536781,17.4933357,15.35625234,10.50884535,17.71608422,15.14712842,21.71067561,12.54671561,17.89929814,14.0813074,17.10714028,17.41405028,16.27860043,14.58882695,999,15.8883175,17.29890381,16.86818121,13.8809295,13.91948661,15.65100761,17.63684922,999,15.54981903,999,10.39460351,999,13.32977745,16.57532614,17.71388968,8.23887262,9.457714308,14.04867765,999,14.66804818,10.63545868,17.18864719,999,15.23389942,17.05350386,20.1061423,15.47593322,18.46611714,16.99125832,15.61738872,17.58856984,16.58601978,14.19261949,13.69485568,13.68952853,999,999,999,18.64987909,16.40947272,15.39691916,15.62231025,18.43365513,18.49244545,999
T_Penn_6,T_Penn,6,2,5,7.765262999,19.29370901,999,17.31647356,5.24670528,13.7737098,12.1950443,6.766390012,12.94005588,19.70935941,16.23729018,8.210623351,15.58038895,999,999,5.296067447,12.29619893,19.1674719,16.05557979,15.90407171,14.47523449,15.73549903,7.572517893,999,18.01337218,18.55695214,11.73338072,17.00140506,10.4374248,16.00089607,16.36936685,16.42709533,13.44869356,999,20.33624251,999,12.48881134,10.75992056,10.22793737,12.93477752,13.30330003,15.00196896,13.88490619,999,14.47527956,999,10.74011104,14.69849188,15.96051693,4.479103795,6.511019933,13.39606341,999,18.90561821,16.52786374,14.59355036,17.84568692,12.77649958,16.06159974,16.8022931,14.43679864,999,999,20.16584847,13.20751697,13.12275183,11.39218819,10.89097657,14.1010089,16.69991176,999,999,999,12.66351895,12.17099761,11.53435044,16.68469701,16.62302099,18.74415133
T_Penn_6,T_Penn,6,2,10,5.715315198,17.23887889,999,15.74610771,3.390969714,11.72155465,10.14418552,5.011783396,10.60788025,18.02901039,13.74606255,6.391807674,13.42871865,999,999,3.670322788,10.12536565,17.21116611,13.98906173,13.78403474,12.38938269,13.73086353,5.680916054,999,16.29365009,15.95577471,9.79502345,14.77855216,8.352566124,14.0784193,14.40074505,14.51555736,11.1834115,999,18.19710872,999,10.40093917,8.54097405,8.350239774,10.50260402,11.3767472,12.95021363,11.71072223,32.81207147,12.49256445,999,8.564445078,12.72888011,14.08519742,2.5,4.573606068,11.1746568,999,17.41842042,14.41735745,12.73014731,15.70199751,10.40442809,14.25971106,14.69497855,12.30054075,999,41.55649262,18.23797259,10.97878721,10.71263499,9.156679372,8.86429702,12.1109163,15.06802191,999,999,999,10.70631002,10.03414866,9.501098716,14.44379855,14.43139946,16.397674
T_Penn_6,T_Penn,6,2,20,6.932401143,18.89250117,999,16.71959911,4.513731135,12.96748106,11.20466999,6.094837317,12.02493574,19.31086265,15.1019069,7.613314793,14.90266977,999,999,4.638523258,11.45297003,18.37601893,15.38165741,15.19402488,13.72003949,14.63734848,6.794355008,999,17.46321905,17.91953233,10.90536985,16.28511617,9.697147606,15.2772924,15.7846065,15.93944381,12.57199049,999,19.02602229,999,11.75990191,9.895845617,9.566463758,11.97799217,12.50156417,14.1657857,12.9411344,999,13.75496699,999,9.920294084,13.99056964,15.27469462,3.836090641,5.682694257,12.45565969,999,19.67002235,15.42458808,14.01776992,16.68465971,11.69292328,15.25813944,15.89404133,13.59683948,999,999,18.90930059,12.35975205,12.1456222,10.5015347,10.11344877,13.50759192,16.23455746,999,999,999,11.92885997,11.37179419,10.748749,15.54369584,15.92911427,18.06447553
T_Penn_8,T_Penn,8,2,5,11.26713172,999,18.82813756,19.0122403,7.476498157,19.10421055,14.67258015,11.28161445,15.41934633,999,18.10608921,10.71333765,15.7188253,999,20.62776487,6.85443267,14.7482529,19.13398323,19.15456794,18.46067002,18.09756536,15.51601203,10.11862655,999,19.05349716,23.72534189,12.52152274,16.95414637,13.3407901,17.46163576,15.99680059,19.09465707,14.84174543,999,17.63666158,20.38053296,13.87381163,14.71027812,14.98649842,16.26550444,17.64844981,16.54701607,14.8211738,999,13.78934834,999,13.42763023,21.8504797,17.90648698,8.738819721,9.220957421,15.62810848,999,17.82419394,15.97787106,15.34168689,999,16.45187243,17.61917734,17.54693884,14.90039136,999,999,18.830266,16.95510224,15.5742883,14.70084208,13.4176869,17.2580057,19.1675675,999,999,999,15.2085637,14.92480017,15.60898979,26.60394676,19.31188889,17.73442524
T_Penn_8,T_Penn,8,2,10,9.553555069,999,16.72065053,17.70642674,5.696319985,17.40587067,12.99160895,9.694149416,13.55753262,999,15.87729917,8.942673609,13.70493397,999,18.49419691,5.244407914,12.91543672,17.54961181,17.56828587,16.95995545,16.42239341,14.08125949,8.421470657,999,16.74632476,21.11430274,11.02282417,15.34098575,11.57944288,15.45345718,14.12210876,17.16538263,12.83705659,20.66166186,15.92935376,17.65523001,12.11673057,13.04719025,13.11841923,14.28591031,16.15817515,14.56511336,13.31305966,40.14735967,11.94043915,999,11.52462319,18.48869575,16.49159823,6.963212718,7.291521609,13.58179302,999,15.92398402,14.60292716,13.52904943,999,14.48494893,16.80192094,16.00099083,13.11590152,999,999,16.70803681,15.22087169,13.66500059,12.67456636,11.65511654,15.65360687,17.97225995,999,999,999,13.66945697,13.23062654,13.79375803,22.17787742,17.71817924,16.4219434
T_Penn_8,T_Penn,8,2,20,10.84510703,999,17.97831522,18.06211053,7.185896635,18.58388027,14.34789924,11.05879844,15.04932845,999,17.51953458,10.36389717,15.06538831,999,20.92627935,6.613813627,14.27583656,20.36975809,18.91120184,18.2730021,18.07929819,15.57488389,9.813172361,999,18.36048967,22.531347,12.35456986,16.77610961,12.99049622,16.73054083,15.46652543,18.54244214,14.38055433,21.57873309,17.60557284,19.12288262,13.64360926,14.38988445,14.42966267,15.85133841,17.17521014,15.92773167,14.56939467,999,13.41878746,999,13.03879098,20.41904435,17.57312264,8.327813206,8.696556246,15.0325768,999,17.28457399,15.55215319,14.98366927,999,15.68215914,18.00971697,17.2379995,14.47416852,999,999,17.54770331,16.60225309,15.59261703,14.28392225,13.04908669,17.09887531,19.33836151,999,999,999,14.85173928,14.57871366,15.06969569,25.77480682,19.5086338,18.02314804
T_Penn_9,T_Penn,9,2,5,10.88273892,999,16.71092365,17.73304135,9.33951165,17.75842022,14.34777708,10.10800054,15.23524842,999,16.88156885,12.05756182,13.82167225,999,999,8.733316689,15.53652441,999,18.26955771,19.45543069,16.62645531,16.72164019,10.91181337,999,16.287438,23.06976364,13.59687918,18.03184059,12.43949182,18.14112426,17.62072245,18.62011141,14.48726719,999,17.96688711,18.20402057,14.12077314,14.20492971,14.2324575,14.53331428,17.90592753,17.80186608,15.03106182,999,12.21746902,999,15.47703177,17.65324149,999,6.974889709,10.02415018,14.66031075,999,17.01083352,11.89237876,15.99241713,999,17.14167542,16.76668553,999,16.44346073,18.10705314,17.40612914,17.74260618,14.95018254,999,13.37733048,12.07159002,15.17625067,999,999,999,17.92061205,15.84366397,15.48643318,14.57908903,17.84092308,999,999
T_Penn_9,T_Penn,9,2,10,11.54924552,999,17.83476249,18.29337066,9.997660216,18.46317244,14.98673521,10.75221478,16.44882847,999,17.52909674,12.69054558,14.64348613,999,999,9.607282253,16.24828665,999,19.50946843,20.17030992,17.54871826,17.63967899,11.57448058,21.8655711,16.78195807,25.47715102,14.11276687,18.46958975,13.15615019,18.02218611,18.45200334,19.24388069,15.11984565,999,18.57579722,18.95972704,14.87108693,14.87514897,14.66636317,15.07057592,18.56761941,18.70715409,15.55158858,999,12.94542304,999,16.2808933,18.17085816,999,7.689656423,10.68561288,15.47906931,999,17.58377297,12.47255139,16.78736061,999,17.85859841,17.68703622,999,16.69115074,19.20602597,17.91388833,18.24718897,15.83546673,999,14.28373202,12.72638474,15.95989248,999,999,999,18.47999933,16.30040983,16.10680956,15.32092922,18.62281651,999,999
T_Penn_9,T_Penn,9,2,20,11.84209792,999,17.70522122,17.69657385,10.34664957,18.41876535,15.21684561,11.09540982,16.60669526,999,17.92872151,12.97588353,14.66093369,999,999,9.603446567,16.73395305,999,19.38034339,19.92072219,17.58597032,17.27695402,11.77173198,999,17.00769872,22.46605956,14.4408257,18.56413484,13.51161781,19.08314111,18.7274169,19.70274671,15.52193002,999,19.05756901,19.35968008,14.99918006,15.18800564,15.03532952,15.46027489,18.99410324,18.72213003,16.15365857,999,13.17572345,999,16.35988764,18.81474891,999,7.96205227,11.07891974,15.64483119,999,17.69070648,12.70267619,17.07777049,999,17.99703998,18.25992089,999,17.17065753,19.03152532,17.65540603,17.61083298,16.14353522,999,14.22843643,13.12135285,16.23792652,999,999,999,18.96602313,16.97893193,16.20880169,15.39828536,19.05915054,999,999
PT_UAB_1,PT_UAB,1,2,5,10.61719891,999,19.1996955,19.70396297,8.697587129,18.82093236,21.87007183,11.67846243,14.6627869,19.64609305,19.10663946,11.43085819,15.01993268,26.27286003,999,8.503396004,15.17936715,999,20.60247394,18.37353005,17.31645378,20.07200479,11.17328017,21.27683054,18.82386309,22.2502598,13.90165118,17.7740329,13.7246401,18.65560777,16.6225959,19.21493244,15.8055369,19.53011136,18.73718471,19.72360099,15.56952292,15.48646804,13.72607371,15.5799455,18.92432524,17.81556177,17.32266645,999,15.07459602,999,14.50022699,999,20.20978022,7.918764691,9.612886901,17.3657163,999,18.29468892,16.13040953,14.80319181,20.73280956,14.77285444,18.17328095,18.2362077,16.37688252,999,22.84748895,18.18401673,17.51981398,15.23635418,14.03021806,12.64445032,17.41598467,999,999,999,20.6961497,16.74677185,16.02870193,15.85857507,999,999,19.17841155
PT_UAB_1,PT_UAB,1,2,20,11.95978797,999,20.18664795,20.31337444,10.00821165,20.27302744,25.10461454,13.04116316,15.98027381,21.38482111,20.61451767,12.99094445,16.38834184,28.99401231,999,9.92118169,16.60317865,999,22.00619758,19.74188427,18.76833741,21.21520241,12.4341858,22.34595802,20.74010124,23.82182237,15.26229121,19.12966035,14.88995506,20.10815727,17.95001502,20.41033973,17.08182522,21.06814839,20.11716001,21.43383166,16.81995791,16.83125438,15.09102588,16.84626573,20.16408734,18.91911398,18.68196256,999,16.42040266,999,15.92440844,999,21.93670837,9.14615887,10.9503739,18.23546373,999,19.88126155,17.32376664,16.18109968,21.63315248,16.02944131,19.85034855,19.8366622,17.94770056,999,25.64563462,19.8259958,18.69787936,16.46151268,15.3298288,14.02945,18.51687937,999,999,999,21.72909068,18.23637786,17.32679413,16.97284036,999,999,20.43007638
PT_UAB_2,PT_UAB,2,2,5,8.274214899,999,17.34446234,16.20682649,5.977580256,15.74568855,18.69701863,9.333591055,13.20252436,17.84456531,17.51828929,9.485385581,12.28180793,18.4985379,999,5.865219047,13.52243585,18.43854365,17.56108848,17.71333159,16.11933007,17.18968618,9.480653396,17.65383199,18.79568112,19.41916697,13.89684471,17.0967541,11.77017813,16.2559237,14.07527046,17.38117968,13.6904437,18.31618328,17.10307067,999,11.99728228,13.21995178,11.7761594,13.54387611,14.84098825,14.90804358,15.49268641,999,14.0393965,999,13.8578981,18.97000113,17.44527052,6.543567904,8.832402139,15.62508433,999,19.4402938,15.39155492,11.70180854,20.49797333,13.49642989,18.34148933,15.89053522,15.30617369,18.83311904,18.80759797,15.97795292,16.38529053,13.40886871,12.20043381,9.832773623,15.45463913,18.52895119,20.11707449,19.83538559,19.36987066,14.67194358,14.62088191,13.94436299,17.70571954,16.4581968,18.26201307
PT_UAB_2,PT_UAB,2,2,20,9.200525203,999,18.40886359,17.05652882,6.909522876,16.6499399,19.63895509,10.25707718,14.1330031,18.86142226,18.6029637,10.35214729,13.19768741,19.98640982,999,6.603161551,14.53041788,19.31753885,18.63701467,18.5694056,17.04279612,18.19827908,10.40604846,18.53818836,19.66120498,20.57324616,14.75459225,17.98601626,12.70720503,17.42575116,14.93532214,18.33316356,14.71139642,19.58030779,17.90546052,999,12.94313049,14.26949324,12.54290317,14.46143969,15.66670843,15.71459105,16.1816141,999,14.74580762,999,14.79878687,20.04763146,18.27366285,7.305229469,9.472450275,16.48971008,999,20.53557908,16.33655401,12.80859888,21.16983816,14.37870845,19.37595382,16.77070232,16.13781776,19.99682265,19.9622522,16.92604501,17.31232978,14.42751003,13.08944915,10.71232993,16.48794446,19.48266892,20.44322584,21.02882094,20.11818361,15.54603412,15.48770955,14.84753331,18.79286394,17.52343062,18.9595017
PT_UAB_3,PT_UAB,3,2,5,7.782593595,18.27839217,16.92787203,15.35529067,9.325821127,14.47136163,18.34788413,7.434893118,15.33203504,17.14240623,17.18440085,9.368886797,12.69607835,18.05211581,999,9.123791478,12.37732165,19.19594278,17.15863038,19.47491959,20.8996066,18.14417237,9.106857893,26.81002482,15.87117015,22.90361379,13.23259918,18.17869019,9.924262598,19.35444753,18.51820587,17.71318629,14.8059674,43.27537141,15.84551112,20.10965801,16.84215808,10.04701018,9.67488624,11.16148454,18.10310196,22.30538919,15.21762164,999,11.60770489,999,14.24224124,999,16.73669792,4.164710063,10.2146438,15.85326436,999,15.06200299,12.10582355,17.42042967,19.83618889,10.92916311,12.54269461,19.62857929,16.87910805,18.62792054,17.70995003,15.35802199,18.24451552,11.52144259,10.22554436,8.978512388,17.28686631,20.0796491,19.41213663,20.63355551,19.10841369,19.10794229,12.77555919,11.75969595,16.45650534,18.10362226,999
PT_UAB_3,PT_UAB,3,2,20,8.437554782,18.86674696,17.63772024,15.95321127,9.924165663,15.06864819,18.91799099,8.048247693,15.93687175,17.77808177,17.83254259,9.963469392,13.28188121,18.83460071,999,9.850719523,12.84032694,19.87040286,18.20144179,20.5137146,21.25198064,18.93413992,9.62549077,26.55713787,16.5686339,23.88825609,13.87930267,18.98013054,10.57439685,19.7858422,19.16305803,18.56069058,15.48389364,999,16.54983188,20.6629334,17.44817404,10.79372436,10.23600204,12.59694243,18.76889029,22.67580843,15.69566033,999,12.16679185,999,14.88545313,999,17.18137902,4.712953426,10.92258039,16.62837615,999,15.69273897,12.76212437,17.83657491,20.40015463,11.5455269,13.11250619,20.84655409,17.65987547,18.97941471,18.45602134,15.84253943,19.07825581,12.33027272,10.62210264,9.694357534,17.88796847,20.22128072,19.997428,21.15654041,19.64163736,19.95189275,13.28310061,12.37352589,17.00733064,19.03597853,999
PT_UAB_4,PT_UAB,4,2,5,9.494764921,20.94662005,35.60450148,999,8.286985171,15.61410901,18.29715399,8.295185829,15.13706825,19.69393914,17.73197199,10.4269519,17.0258153,20.5260901,999,8.274604338,12.98757802,999,16.06251302,17.92699513,18.80648961,19.90641054,9.82975477,20.70553336,999,21.0492183,15.24294974,17.46856706,11.71727981,18.00538918,18.70157334,17.64007505,16.28461051,18.58677669,19.52704291,19.44420264,13.8009969,10.5832449,10.61854711,12.02223052,20.62624007,18.12922489,16.43344709,999,16.09098271,999,14.30769137,18.23149271,16.74652386,4.622792342,8.956046709,16.67104133,999,18.2141263,17.09331123,16.44318508,21.21907161,11.82895054,16.04303012,18.92175665,17.03392122,999,38.74614879,18.92285141,15.68481487,12.16040362,11.21728885,9.508336154,16.71427895,20.6602577,999,999,21.31308119,18.70091519,12.55453973,12.19340794,17.90331919,17.86789723,20.95812815
PT_UAB_4,PT_UAB,4,2,20,9.762112966,21.0776613,999,999,8.593476785,15.80578312,18.65926364,8.569039243,15.31139945,19.87463115,18.13509852,10.76874708,17.47137346,20.8935276,999,8.608344216,13.20134258,999,16.31097145,18.44859186,18.92328021,20.43727276,10.3348252,21.41237728,999,21.62995613,15.50252001,17.7496423,11.69265311,18.18846736,18.87447662,18.10190238,16.71598981,18.72674409,20.08395889,19.18563687,14.38492278,10.77945063,11.04599718,12.27658322,20.5329717,18.58361814,16.81188023,999,16.46427816,999,14.52765854,18.17372294,16.97362896,4.793220167,9.143364251,16.95651116,999,18.53097727,17.14421777,16.76038769,21.05120324,12.019626,16.58059554,19.47935459,17.38756358,999,41.64378862,19.24441846,16.29981195,12.52688924,11.4477669,9.83301265,16.92197748,20.92569733,999,999,21.38103833,18.995683,12.7914448,12.66936948,18.13335134,18.03864275,21.24283948
PT_UAB_5,PT_UAB,5,2,5,6.967000432,19.21157547,18.17902286,16.50699647,6.85169743,12.20845208,16.72761892,6.228827446,15.16944215,18.55536164,15.52503948,7.957969356,14.55825888,18.72316223,20.41563381,6.551323472,9.986135214,18.93058452,14.80803193,16.82584117,17.96239976,17.04097881,7.847263286,20.9419239,17.53618097,19.71152285,13.93434456,17.17257067,9.101343594,16.35437909,17.47407998,16.48450724,14.21205641,999,18.14875544,999,13.67087446,8.792789821,7.772925251,9.418949426,17.05226227,17.32354646,13.92948272,999,12.84343036,999,14.36981274,18.1253708,15.40456318,4.356512496,9.091459816,14.71300141,21.05201434,16.6180158,14.23561672,16.30214725,16.52625226,9.840130845,14.11313857,19.93873198,15.73015956,19.78914229,18.55047183,16.54942043,14.78096103,10.25010529,9.58231084,7.766436004,16.30960776,18.8568141,20.61174412,999,20.85450299,16.20351586,11.78593554,11.29218143,14.43597572,999,18.1676602
PT_UAB_5,PT_UAB,5,2,20,7.241016229,19.78432948,18.3164959,16.67432692,7.114748255,12.50788036,17.11204918,6.442732564,15.55408307,18.54581497,15.82921941,8.179958189,14.94003413,19.03955997,20.40581327,6.990785242,10.30647073,19.07770139,14.92983255,17.13138118,18.27095932,16.99329607,8.283732908,21.19270963,18.10728921,20.00762575,14.45204409,17.19348627,9.300321552,16.55705888,17.93411922,17.05082345,14.37033987,999,18.58675059,999,13.95820883,9.418970208,8.073674614,9.786107392,17.22765229,17.64069664,14.43066051,999,13.45203076,999,14.97182775,18.51953304,15.69671111,4.574694863,9.220094603,15.38094914,21.37246344,16.99852558,14.58197266,16.55498,16.94613831,10.07672601,14.27283244,19.9839731,16.0144697,20.29634507,18.55732303,16.83370155,15.12446517,10.45951096,9.718557439,8.120234468,16.67889691,19.24438943,20.67297165,999,21.58784498,16.53746087,11.97054598,11.6233418,14.77508201,999,18.6421778
PT_UAB_6,PT_UAB,6,2,5,10.81635905,999,18.36354826,17.23946104,9.676391093,18.09789917,22.51574046,11.23218047,17.50556996,18.70135645,19.0583306,11.51593577,15.596096,20.37937852,999,9.874967908,14.99493267,999,20.69152253,19.94739855,19.72514345,18.72910503,11.88082814,19.16745114,18.15814312,23.34234497,16.50837808,18.17936268,13.80020733,19.85618657,18.05169623,19.9261542,16.59635098,24.07095034,19.14579544,999,16.91218599,14.85098209,13.56450955,15.38298076,19.15001953,19.17907235,18.83688383,23.43418642,14.9283686,999,16.38828571,19.21529615,999,7.922784101,11.78105271,18.20618417,999,18.1053541,15.69957445,16.7866805,19.90546386,15.15833496,18.06304387,19.58453855,17.38198846,22.17382651,999,17.19204454,19.49377764,15.10350834,14.1666273,12.13138044,19.69961543,999,999,21.67784965,23.60077815,19.23786506,16.87120198,16.01732562,18.67886247,18.34885981,20.35457926
PT_UAB_6,PT_UAB,6,2,20,10.86404536,999,18.6034832,17.26998059,9.700758599,18.29222391,21.90387445,11.23145156,17.3457583,18.96637716,19.10050036,11.50773139,15.64914236,20.0600669,999,9.559964774,15.10354222,999,21.02163199,19.88856775,19.38264017,18.42921022,11.78703002,18.91717522,18.03592752,23.46816574,16.50721821,18.2946162,13.68206163,20.13221946,17.98890444,19.9265505,16.70418075,23.91186907,19.147244,999,16.67516091,14.83515175,13.40789167,15.20537992,19.37979846,19.23356949,18.75467257,23.28423629,15.03436929,999,16.42641691,19.56745885,999,8.064827658,11.73465483,18.47715355,999,18.31692448,15.82875611,16.87264344,20.05288866,15.03099274,18.1685753,19.18879924,17.44106272,22.00474556,41.90013853,17.19379975,19.30944151,15.27875733,14.32395866,12.08334616,19.5940933,999,999,21.71273922,23.19401846,19.42063372,16.8611796,16.03197848,18.63583238,18.36784186,20.54841209
PT_UAB_7,PT_UAB,7,2,5,11.35589197,999,18.88836618,18.84766824,9.196144266,999,21.75087755,11.75520609,15.94368113,18.34498033,17.96346448,12.05724721,16.07170026,19.20894244,20.79801303,9.013195529,16.1131744,20.87061769,22.02530436,18.72103447,18.71059351,17.96698741,11.10109121,999,17.79565872,22.53249296,14.67395885,18.47090279,14.48127336,19.09619388,20.04037264,18.1417326,16.96433262,999,18.67443956,20.45950357,14.72768353,15.09238242,14.62955096,15.11617854,20.47142167,19.11700531,17.10355268,35.06360559,15.50459387,999,15.71733101,999,19.16095526,8.282538476,10.20921067,17.73633474,999,24.54228906,16.20062824,16.93487705,999,15.61900777,18.16719006,20.32963781,18.68295668,999,20.95045912,17.77552595,16.90581394,15.65959617,13.97203601,14.07828222,17.04816226,999,999,999,25.29458487,18.6327839,17.24092247,16.24915163,18.18902977,999,20.73738947
PT_UAB_7,PT_UAB,7,2,20,10.95869534,999,18.54151785,18.56256233,8.761434052,999,22.12370093,11.38435019,15.57348201,17.91035209,17.63070316,11.78378642,15.87468478,18.70918237,20.50020315,8.687059103,15.70204071,20.26822751,21.00580507,18.21403542,18.26882389,17.94053324,10.86916517,999,17.45679913,22.00950728,14.41098579,18.09816389,14.14592229,18.69354319,19.80803237,17.95867675,16.69653301,999,18.39300732,19.99950037,14.22679755,14.66131032,14.29640845,14.72352229,19.90372155,18.71865595,16.84412436,999,15.0470745,999,15.30350022,999,18.65851591,7.936922476,9.728785951,17.17270073,999,23.80977244,15.99068412,16.57205287,999,14.90800364,17.95617398,20.2159836,18.2628201,41.45435108,20.46020146,17.36514066,16.66190857,15.33817646,13.64072705,13.40873145,16.55089795,999,999,999,25.06895665,18.41282608,17.06700214,15.92061192,17.89351128,999,20.44284557
PT_UAB_8,PT_UAB,8,2,5,6.689723389,999,19.38315463,19.32116465,10.79946948,11.97222166,17.08034345,6.555571723,16.59624214,21.11403516,19.2499181,7.911939116,18.70774436,999,999,10.85271047,11.39159325,22.10626619,14.40430697,19.82323845,20.1661364,24.9956059,8.114406853,999,18.41432067,23.08102053,16.99299051,20.97314084,8.862382752,21.47222975,20.03031762,16.52984467,15.66698913,999,22.04429452,999,16.09916907,8.53770235,8.021278172,10.03359188,20.80342133,18.89891056,13.78198601,999,15.7724961,999,16.57111232,999,14.93356034,3.998673244,11.06804959,16.77812431,999,21.30977971,16.58357434,18.69050063,17.72669474,10.25880877,11.37855983,21.44064211,18.64121336,999,20.81133385,20.12258134,18.44759693,11.35016942,9.667443783,9.128033074,18.37852193,999,999,999,23.24475102,18.72661883,10.09628636,10.21662726,15.12784487,18.9547097,999
PT_UAB_8,PT_UAB,8,2,20,6.279599388,999,18.94183079,18.92938234,10.49262027,11.75475332,16.59177903,6.249866384,16.42182872,21.12308173,18.98448963,7.43940955,18.30463329,999,999,10.44478917,10.94286038,21.4061338,13.94811196,19.33635416,20.00613893,26.52137191,7.844049072,999,17.92834483,22.20379852,16.80555154,20.84123981,8.546285864,21.33703739,19.94304734,16.14681207,15.38593466,40.27218005,21.37939122,999,15.78492101,8.155433404,7.766793757,9.706386041,20.33883308,18.34181639,13.48420855,999,15.33258887,999,16.27326901,33.79161229,14.49798645,3.842644229,10.73653827,16.16792526,999,21.03913775,16.45559297,18.46996322,17.31647389,9.849373909,10.99071864,21.11220354,18.20832855,999,20.22590129,19.86907831,18.1461785,11.02491393,9.356587285,8.74235158,18.26997477,999,999,999,22.79014654,18.53743892,9.820625874,9.881998363,14.9003469,18.6287146,999
T_UAB_10,T_UAB,10,2,5,10.9691393,19.8055314,19.08141195,16.85962467,10.89194279,17.82685954,22.62971024,11.48822201,15.85968476,18.93712852,19.19258305,11.80613065,13.06766457,20.23898944,999,10.67709389,15.04301302,999,19.73174613,20.10429064,19.72891267,18.15799227,11.77773523,19.85020327,20.26493586,25.5331142,15.12346747,17.77404002,13.50865672,25.78861151,18.87594583,19.24834453,17.59958711,999,18.73038669,19.54532026,16.14672712,13.79938263,13.12234363,15.92700129,30.55132563,19.7429816,16.96747104,999,13.50601183,999,15.39838756,999,18.7271342,7.309090261,10.51095706,17.51541478,999,17.18247631,14.18096978,18.00098407,22.10837549,14.97136556,17.7432124,19.42404914,17.46439088,999,19.4040922,16.28055814,18.9291249,15.58999145,14.53353623,11.9996411,17.82833109,20.92785212,999,20.97604803,19.25451092,18.65721818,16.57248836,15.95554034,19.55688172,19.95555742,20.94362311
T_UAB_10,T_UAB,10,2,20,10.83674756,19.23315582,18.72494435,16.5963378,10.7824601,17.85745475,21.99215076,11.3622636,15.63868122,18.97612253,19.15850567,11.65619675,13.09828412,20.35578732,999,10.62824831,14.98720944,999,19.73310756,19.95366476,19.68969817,18.01738154,11.70037252,19.64528277,20.06210035,25.82255537,15.14348432,17.43083964,13.40472054,999,19.0432171,18.88368712,17.32837897,999,18.71737217,19.19233135,16.04898516,13.68395123,13.0271982,15.69058798,28.06341211,19.51849906,16.84326813,999,13.5036748,999,15.17617388,999,18.38309722,7.192350065,10.28747804,17.4852078,999,16.99648193,14.20173087,17.85572591,21.76224203,14.90411456,17.74052256,19.17570333,17.33657117,999,19.34280879,16.20970894,18.77398646,15.47519219,14.28252793,11.86108593,17.61301001,20.7764442,999,20.83512787,19.12715917,18.72697673,16.56249193,15.73130255,19.67140718,19.89519286,20.58494456
T_UAB_11,T_UAB,11,2,5,7.353431124,999,19.3129154,19.33303618,5.327081232,16.41360982,18.7961752,9.889736251,14.99483256,19.69184228,18.12367735,9.130581101,15.62236607,999,999,5.117244924,14.08049141,18.55478835,20.33940792,18.39325385,17.42512314,19.74203728,7.875960114,19.67560994,999,18.50421634,11.60589152,15.85805417,11.92583437,16.22986424,15.06361106,17.76021592,12.53399161,17.60532698,18.95611805,999,12.44754493,13.56741042,11.98889156,14.27390735,14.45100924,15.85405228,16.2903934,999,15.3736358,999,14.51191888,19.6796636,17.0049787,6.687598901,9.782116868,15.76445734,999,20.113767,16.79061652,13.34793037,20.13723513,14.06347223,16.31173311,17.49955458,17.17133678,21.64411895,20.32668817,17.38705518,15.91938171,14.1416557,12.33131594,10.87141469,15.60017432,19.18219592,20.82156434,999,20.8025892,14.63626689,12.66255522,14.80029686,17.3487992,16.81421565,21.33429117
T_UAB_11,T_UAB,11,2,20,7.282164869,999,19.22433007,19.268991,5.203333316,16.38491539,18.65515534,9.790357642,14.85733515,19.71967309,18.09803953,9.16545832,15.44493639,999,30.16457323,5.191787136,14.11860306,18.59725897,20.28390736,18.3786192,17.30696923,19.80863702,7.944640904,20.0254549,999,18.58554821,11.74108532,16.00948932,11.91500154,16.09241733,15.12524155,17.52536259,12.48500498,17.56369359,18.50415781,999,12.53739202,13.43625881,11.91292496,14.63775488,14.34152419,15.67704433,16.31701213,999,15.08241245,999,14.41353651,19.53575912,16.98317302,6.709509996,9.54462058,15.44954226,999,20.26181039,16.71644436,13.17793384,20.13060122,13.95887064,16.0463942,17.29999307,16.92541143,21.13856943,20.36522856,17.42009295,15.94281392,13.94634689,12.28622246,10.77023029,15.60785157,19.32058566,20.4604952,999,21.22549353,14.47292971,12.55980159,14.68756602,17.11049568,16.63861916,21.6196887
T_UAB_12,T_UAB,12,2,5,11.04762177,999,19.42549288,18.21365491,9.184921974,20.14309807,22.18300905,12.94483419,15.9786069,20.75087937,19.33199,11.64147272,15.06711312,19.38096346,999,9.151584467,15.31834408,999,19.2032689,19.80427258,21.17798738,19.09945061,12.10930666,20.12969376,999,23.84555752,14.44003473,18.78762097,14.9820764,18.9995228,18.5921689,19.50374676,16.79137296,17.021004,19.43742175,999,14.89325347,15.28599707,14.90252197,16.33912238,20.76788849,19.57530675,17.56960746,22.10528522,14.39663541,999,15.16092554,20.03859117,20.30715317,8.339183863,10.66904858,17.74651601,999,19.00531458,16.06064088,17.02734889,19.9554345,16.20977254,17.0071878,20.55150745,16.8545969,999,21.02313655,18.88556066,16.63176889,16.48127479,14.91407906,13.76139444,17.92105769,19.33939518,20.75644628,999,999,17.59876648,17.83626715,16.96907927,18.54146656,999,22.13674248
T_UAB_12,T_UAB,12,2,20,10.59438998,999,18.95224668,17.78220517,8.755177285,19.7119356,22.84436952,12.64899766,15.52827148,19.69779719,18.82826322,11.22079084,14.49965528,18.8112605,999,8.775911503,15.29225073,999,18.63292748,19.32248302,20.78753672,18.74149732,11.6438361,19.49582311,999,22.54815776,14.43440897,18.32814061,14.57967486,18.77232868,18.35500182,18.66578689,16.54522332,16.5634391,19.17988236,999,14.5251325,14.66110728,14.59048286,15.81923768,20.23574621,18.82672634,17.16232144,21.40907505,13.95330674,999,14.60660057,19.58029316,19.84394932,8.070974037,10.16071976,17.43078215,999,18.53616621,15.63854735,16.53870035,19.4944479,15.84662259,16.91861815,19.65891639,16.3943093,999,20.92673461,18.43792291,16.36715381,16.09863824,14.55908417,13.24323722,17.59801516,18.4645736,20.11786002,999,999,17.07240641,17.50209126,16.50141498,17.88827999,999,22.14916981
T_UAB_13,T_UAB,13,2,5,9.148499046,999,18.70726573,999,6.927126,17.24072014,20.2766905,9.580892298,13.77973118,19.40914624,18.57502331,10.30540777,17.22675208,20.45862156,999,6.789218201,13.9541401,17.20121633,19.03448415,17.92284126,16.93986986,18.44668157,10.02756628,22.29981563,20.22014393,19.78734401,12.92923848,17.79036794,12.01052692,18.41337409,14.28212819,17.72991092,12.7031062,19.17965836,18.94283414,999,13.24736844,14.07288044,11.7555536,14.1310061,16.88201157,16.1579236,16.20269489,22.4134201,16.71954904,999,13.57756989,17.75035996,17.76585384,6.24051944,8.407316596,16.61113777,999,19.50151953,18.05836011,13.45125014,20.96977781,14.22050205,16.97609039,17.58285756,16.40941603,999,999,999,16.21532741,14.67783212,12.83479369,11.37760001,16.41744132,18.10703669,21.76746758,999,21.75019158,15.99921514,15.20385087,14.72796043,17.40451574,17.97921929,999
T_UAB_13,T_UAB,13,2,20,8.89167109,999,18.34219867,24.45053904,6.811125418,17.31769478,20.13820493,9.338457599,13.47201298,19.24544302,18.36579646,10.12237794,16.95843051,20.45074192,999,6.551543397,13.81889874,17.26213864,18.54411864,17.50484126,16.63121564,18.14802946,9.953992022,22.48792765,20.08457019,19.68079105,12.95919263,17.67610891,11.8697981,18.21554193,13.91024056,17.39668483,12.41757906,18.87864173,18.42218706,999,13.33279193,13.71354397,11.64763524,14.08798844,16.55166142,15.89503447,15.97854878,22.14223362,16.43740173,999,13.15938551,17.65989833,17.36924315,6.035994759,8.107697184,16.43894725,999,19.00832145,17.78014766,13.20058698,20.69465737,13.88265979,16.82112504,17.29599032,16.3150999,999,999,999,15.90417244,14.46859258,12.58641414,11.07953648,16.27554155,18.02157984,20.8290396,999,21.08724444,15.64977195,15.02908457,14.58487878,16.95682333,17.95305999,999
T_UAB_14,T_UAB,14,2,5,12.22950538,21.43167798,18.47510021,20.50497651,9.543449387,18.0731617,21.65647189,11.97154939,16.87655848,18.93211573,21.75438657,13.1811239,18.15483632,20.54261741,999,9.29494821,17.27390845,20.42524475,19.89655941,21.14685499,21.72433729,999,12.72488803,24.61590287,20.39557963,23.25461752,15.15541189,19.16172937,14.6445311,20.46796548,17.96971099,20.61864623,17.11747127,999,20.84335717,999,16.56860646,15.91374758,14.86618407,17.65677544,999,19.09712528,17.55289371,999,16.19331186,999,17.30535425,20.60079991,20.50781975,9.118527847,11.28582412,19.06976666,999,20.72810698,16.33572718,18.3081352,20.14385676,17.31857376,20.87957261,999,18.55991603,999,22.0727899,999,19.03700465,17.98344614,15.63597933,14.38166698,17.96318198,999,999,999,21.40246159,17.98849768,17.60465404,17.49246487,19.58685694,20.2653606,999
T_UAB_14,T_UAB,14,2,20,12.07432307,20.55591464,18.29832908,20.29439663,9.416544908,18.08189689,22.30728821,11.9016159,16.92501403,19.01948424,20.96043269,13.10388796,17.9876422,20.77408622,999,9.101233666,17.05921055,20.45566869,19.82834921,21.27051824,21.22880714,999,12.64345232,24.68545332,20.36354855,22.38654703,15.15175016,18.87674758,14.69596916,20.85153112,18.120568,20.72518085,17.19793087,999,20.56701341,999,16.37101766,15.83479496,14.75145883,17.63334511,999,19.01123933,17.86068903,999,15.9454317,999,17.23775912,20.32578718,20.24536325,8.948919361,11.33440316,19.39852166,999,20.79445608,16.24381653,18.16292975,19.20703885,17.22021416,20.97540755,999,18.39390497,999,21.83722033,999,19.16251756,17.93932782,15.57724653,14.22337875,17.73827511,999,999,999,21.17833678,17.91365737,17.55400936,17.57542451,19.91924997,20.39211064,999
T_UAB_16,T_UAB,16,2,5,9.721319437,999,16.91697522,19.70845301,7.713796672,17.48579902,20.33519908,9.854072361,16.3697122,19.66520866,19.48609154,11.56217809,17.02964986,999,999,7.959558481,15.47447821,19.96019229,37.38991393,19.0947084,19.38081787,18.19528777,10.77763853,21.54596885,19.90660713,20.2134276,12.30725453,19.10999808,14.20878571,18.87466083,16.74191457,20.02723211,15.67548166,15.58273041,17.98436249,999,15.06698484,13.65076772,12.89404334,14.89215746,18.71990784,20.47635633,18.32068975,999,16.69839662,999,14.15723964,999,19.00317454,7.577359723,9.105720104,16.54322733,999,20.59219863,15.78998784,15.33110514,19.28935108,16.40862645,18.67427424,23.09364193,16.80381398,999,999,999,16.73225564,15.75195678,14.53906079,12.5783547,16.35468686,18.73634402,19.92241042,999,19.68681873,16.10194635,14.90043916,15.68057957,18.83545058,17.16740432,999
T_UAB_16,T_UAB,16,2,20,10.58067155,999,17.8174039,20.62737601,8.421983112,18.28459003,21.15278413,10.56470622,17.28895682,20.61932069,20.63929065,12.54082619,17.94619707,999,999,8.804510632,16.13187671,20.84271303,26.82359141,19.76863352,19.97093922,19.19210178,11.589811,21.82088732,20.84825816,21.07803453,13.10899088,19.70103174,15.00403381,19.86094232,17.42325934,20.9281312,16.58521424,16.64400074,18.63995891,999,15.79925058,14.48174499,13.78508423,15.83036311,19.16704777,21.20079482,19.13485663,999,17.48712297,999,15.13038512,999,19.93162167,8.390647937,9.980045376,17.5609478,999,21.42824673,16.67081453,16.11737393,19.02245161,17.13508108,19.5621412,24.35085415,17.67035662,999,24.97211425,999,17.46065502,16.70920488,15.39544971,13.45429324,17.13639541,19.41156923,20.63141125,999,20.71372669,17.07882428,15.78157168,16.46742151,19.65469182,18.05662382,999
T_UAB_17,T_UAB,17,2,5,7.263773143,20.35167345,18.74837316,19.95357615,6.731264557,15.1497541,20.11319749,8.754551087,14.817986,19.56388643,18.21853404,9.082191877,16.46205614,999,999,9.124797074,14.33421947,19.13071103,17.84405432,18.55509948,17.35546206,17.81072481,9.772871916,21.79773099,18.86082871,19.15109204,12.08581731,19.96430551,15.09747829,18.7141572,17.73914162,17.39172966,13.84419306,17.97511295,19.84598764,999,13.53263023,14.91816458,10.39759795,13.48111494,16.94339802,17.30188159,16.33718909,21.28629279,15.48892134,999,12.66706027,999,19.69833898,7.083129484,8.99099765,15.59204,20.93676885,19.59876732,13.97981418,13.97061127,18.64430948,12.60852711,16.41446542,19.29690159,14.87499652,19.17061508,21.06483892,999,15.91061261,13.98359527,12.23361918,9.93400181,15.99379167,17.9203737,999,999,19.94218121,13.91777507,14.06928293,13.55342084,17.6699468,999,20.87893375
T_UAB_17,T_UAB,17,2,20,8.479570036,21.31479415,20.23939504,20.81678716,7.812551911,15.97866063,20.53953284,10.19754078,16.043898,20.9600852,19.44047404,10.15635814,17.64361015,999,999,10.27847207,15.2709396,20.18589711,19.1454977,19.40580846,18.3334786,18.86581047,11.02740034,23.79710981,20.03661889,20.55109925,13.21772203,21.19371655,16.30430175,19.86498109,18.7905687,18.59991237,15.18608966,18.94691876,21.13815536,999,14.73861183,15.81432127,11.79887955,14.71210235,18.24697654,18.6376377,17.64030237,21.99347201,16.59215486,999,13.88433733,999,21.06211432,7.897108232,10.19621375,16.36380694,21.67369998,20.20592315,15.19722923,15.18099111,18.87916032,13.76268904,17.38544964,20.92792433,16.25634811,20.90855976,22.05074537,999,17.11405664,15.25201966,13.32886799,11.06922726,17.30406131,19.29672785,999,999,20.83569523,15.1152435,15.36326796,14.73586788,18.62798449,999,22.71609112
T_UAB_18,T_UAB,18,2,5,3.619629074,18.25734267,17.04694753,19.0706179,3.860484048,9.606276467,11.65172979,3.613101727,8.9798089,16.83336,9.985933288,4.839676651,14.17764164,18.93886702,20.94156233,4.745641478,7.978021138,12.14278631,9.948341971,12.34730379,9.512499589,16.32650111,4.712574041,17.07254897,15.54023064,11.25128893,4.409081212,11.85925827,8.073404329,11.64324465,8.691565296,10.15806523,8.599643202,13.45390755,16.08956578,20.99624203,6.064838609,7.050030139,5.003799639,8.448457684,6.985862257,8.648606429,10.38975343,15.97736808,12.20121305,999,6.647349689,15.77977832,14.67305089,3.430506786,3.663924775,10.13612175,999,15.23030761,13.42120015,5.437446575,13.29973003,5.926843829,10.66318459,12.40338277,9.048521437,15.39119697,24.81619772,18.2469623,9.507510841,8.68584898,5.656641688,4.854333141,12.67184999,11.91861119,20.90440868,19.35265375,20.52367964,6.95317902,7.166417595,6.002443272,11.78156537,8.968271125,16.80397335
T_UAB_18,T_UAB,18,2,20,4.485806934,19.34750498,18.56293243,20.0892764,4.656477463,10.90564326,12.89263945,4.305496066,10.08604296,18.3759428,11.26071141,5.880139266,15.43398818,20.38165797,22.65139472,5.759959465,9.286197475,13.47258103,11.18271407,13.50088391,10.73617346,17.42875845,5.608028525,18.1572462,16.67248067,12.42457568,5.39814799,13.08599807,16.54842708,12.93669826,9.916550274,11.54390577,9.784351866,14.56065813,17.17616025,22.47520225,7.078268717,8.214676524,6.085124162,9.651619946,8.163843192,9.86253215,11.64176799,17.19222035,13.36708361,999,7.783563654,16.83107923,15.81496661,3.95163482,4.401929284,11.09345559,999,16.45789087,14.65278469,6.498755728,13.43658006,6.965631253,11.69840391,13.48877514,10.14094416,16.30543995,23.95984394,19.37925129,10.63632382,9.905782885,6.742617941,5.770220487,13.78934768,13.07393828,21.98990084,20.59484794,21.48600772,8.097985317,8.221784762,7.091595591,12.93153456,10.09870378,17.76593376
T_UAB_19,T_UAB,19,2,5,8.504825015,20.010653,20.72799976,18.77364756,7.884323178,17.47627324,20.08789145,8.824187924,17.62881303,25.82201453,19.14105242,11.17887042,14.85653912,22.02618497,999,13.5107309,16.08529346,20.96462673,16.69942286,19.78478962,16.12812909,17.82238829,9.832534417,24.68537289,17.85028327,20.31155962,13.6444216,19.83261238,20.58096159,20.5881644,19.8337308,17.66668659,17.69631094,999,17.70001198,20.23322276,13.28578661,17.2267364,12.42891592,15.44102542,21.0070398,18.35535935,16.4777064,999,13.78650078,999,12.30883649,21.75276359,22.5598139,8.304817164,8.623626757,16.67851581,999,18.26556048,16.16768151,15.05653172,21.25615124,12.35812808,16.50504705,20.21885831,16.08034995,20.18935795,24.74535189,20.268965,14.78690205,16.45699136,11.44594237,10.63188757,16.76994927,23.04076442,22.13289305,19.16613249,22.75162012,15.18873744,13.28852903,13.00232628,18.06182365,21.33353914,25.2330529
T_UAB_19,T_UAB,19,2,20,9.414682161,20.90603255,22.05141025,19.89938388,8.887372411,18.33325943,20.98251595,9.696269573,18.53973048,999,19.96699905,12.04941814,15.790128,22.02089864,999,14.47179729,17.08224559,21.8357434,17.80089489,20.9692556,16.85316388,18.91026179,10.68398327,25.18274427,18.52100735,21.84623769,14.58157935,20.65727575,21.33509254,21.70062495,21.16729079,18.57611253,18.80913881,999,18.61330123,21.42547082,14.1039839,18.26258506,13.47197907,16.48024506,22.32264786,19.02915183,17.47180238,999,14.75313373,999,13.40495364,22.56889905,26.05051017,9.1318729,9.512853527,17.64437388,999,19.08082828,17.35366997,15.9726853,22.19437971,13.24819257,17.49401256,20.83187358,16.93841984,20.73598534,999,21.64167874,15.8068066,17.48955006,12.40237241,11.52687849,17.74904743,23.29775769,23.41252487,19.96924612,23.44967003,15.85374849,14.15225029,13.90456021,18.95272276,22.57739475,26.22205878
T_UAB_20,T_UAB,20,2,5,8.27316155,17.57032046,17.33610006,15.83072884,6.763069704,16.65570464,18.98227362,8.416471111,13.44958115,18.4146209,16.80229426,10.06855979,13.70709094,20.28144047,999,8.001813344,13.89592881,19.17668676,18.45629261,16.98477411,17.8754399,17.30169108,9.660891965,22.06777884,16.54715131,18.85783942,13.46697577,16.54508175,12.32212353,18.26967287,17.6252986,17.68578207,15.12357029,19.28606524,16.0673584,20.45537016,12.46328746,11.67158506,11.85509082,12.43714042,14.80357621,17.25421395,15.47010513,999,12.21416479,999,13.16446045,999,17.24342879,5.214468208,8.324729963,16.28345998,999,15.78589979,14.04997756,13.85675177,19.6306816,12.08114997,17.81903246,20.55999117,15.65087988,19.19629895,19.23873866,14.94922204,14.66114864,12.69496603,10.7492795,9.708108847,16.19180041,20.0602727,19.34695146,20.49020168,19.14093105,15.04584334,13.36263787,12.35115449,16.98179559,18.40635213,17.9924679
T_UAB_20,T_UAB,20,2,20,8.927702225,18.41761094,18.18888452,16.6280023,7.618096134,17.22600968,19.53111543,9.08821577,14.19197153,18.93143928,17.52848764,10.90850618,14.54246441,21.23339496,999,8.58141811,14.65060817,20.07613675,19.28986899,17.72027274,18.86584146,17.99063653,10.29534529,22.67117775,17.25002591,19.70792941,14.18233793,17.24998813,13.05669353,19.23074225,18.25448205,18.23914732,15.89050368,19.79745861,16.63015668,21.50726447,13.33775631,12.18100907,12.76079355,13.19766616,15.52818878,18.01062962,15.9344009,999,12.7786912,999,13.86187553,999,18.10740969,5.77843133,8.885145567,16.99104305,999,16.55124102,14.82564663,14.67582538,20.06769344,12.71132689,18.5200932,20.51750792,16.53596986,20.30683976,19.63636993,15.95919097,15.3786061,13.44127923,11.49650911,10.44226647,16.6635351,21.50967505,20.08754417,21.46771312,19.88865602,15.79561456,13.97669932,13.16552555,17.62413509,18.99249724,18.79321424
T_UAB_22,T_UAB,22,2,5,13.32183995,999,999,999,10.14688422,18.68284431,23.13712602,13.62167465,17.45986734,25.72850577,22.04175329,14.34823543,16.30570758,19.87368611,999,10.38588843,17.34897105,999,38.64375473,21.59349198,20.89094306,19.48559571,13.21274787,999,19.86630741,22.7622018,18.66544936,19.73179146,16.79817345,20.41293107,999,999,17.8495872,999,23.41783395,999,18.67245685,18.4585222,17.8286338,16.57420243,20.15024323,20.23540166,999,41.32339578,15.99763562,999,16.91947614,19.93185103,21.21916568,11.03172692,13.10035157,20.55820718,999,20.58520513,17.51432047,999,999,18.80739139,19.7137488,39.15238554,18.77774287,999,999,20.3447589,20.00768821,18.1358072,16.4129425,15.64344438,20.11139753,999,999,999,999,19.72825988,18.38174716,18.40288101,27.59410589,999,999
T_UAB_22,T_UAB,22,2,20,14.56525228,999,999,999,11.51598821,19.78863024,24.96721687,14.78231735,18.6588077,23.72736003,22.2136666,15.27875634,17.27886257,21.08979555,999,11.56859666,18.41523937,999,41.95166051,24.29820066,21.96460863,21.09541053,14.24016792,999,20.68349734,23.84654033,19.52918159,20.8583316,17.87686363,21.66998102,999,999,19.11982671,999,24.09238767,999,20.05083048,19.58743865,18.76763164,18.07818433,21.77487952,22.22669495,999,999,17.1670755,999,18.53616027,20.81466508,22.44080602,12.16874749,14.38065362,22.17182278,999,21.8827428,18.79829822,999,999,20.16084486,20.89798207,999,20.17083584,999,999,22.39749379,21.39861088,19.29288385,17.69541677,16.87077964,21.30094326,999,999,999,999,21.32538239,19.64831338,19.24962579,999,999,999
T_UAB_23,T_UAB,23,2,5,8.788648968,999,18.27808918,20.16010669,10.08408016,15.07559904,19.78851098,8.346720638,18.50739539,19.84564417,18.50506392,10.23569149,14.29299132,999,20.14014288,12.95243732,13.7298835,20.94669161,16.55174349,21.92426853,19.59835625,17.50221975,10.28078157,22.21188015,18.81791322,22.43688252,15.86225674,20.27166099,15.31297331,25.29963275,20.66490418,18.80085892,16.67192601,999,17.39554235,999,16.39009607,13.57871835,11.7597905,13.79196815,18.83400698,19.28552666,17.48266094,999,13.49585772,999,15.53033719,999,20.6351163,5.967385015,11.11345989,17.86000678,999,18.01005406,15.79627514,16.74311558,21.88561623,11.60700037,19.24122823,20.84884943,17.18776865,999,20.92057952,17.47322394,20.10941519,13.67328314,11.61553693,11.02402244,20.07750122,20.70699495,999,19.7947884,23.34580723,18.11006659,14.76902621,12.57477208,16.99497694,19.34500794,24.21756387
T_UAB_23,T_UAB,23,2,20,9.791692993,999,19.84613369,21.53896956,11.17377749,16.31464153,20.9512807,9.416937391,19.4930807,20.88452622,19.09203675,11.32026679,15.38424089,999,20.75281369,13.99954703,14.61384595,21.99972748,17.91262645,23.01788685,20.63439465,18.2985313,11.21197445,22.78068388,19.81926811,23.83485927,16.96241022,21.25077729,16.47325216,25.65171033,21.49528999,20.21360469,17.84714224,999,18.47926927,999,17.27658476,14.63017643,12.85278173,15.06862937,19.47070236,20.18680503,18.17119766,999,14.62992314,999,16.47211844,999,22.02738869,6.744963555,12.26454602,19.08088575,999,19.20867506,16.92886112,17.90308245,23.32684693,12.65900283,20.23360197,22.34837814,18.18554744,999,22.30201403,18.62985077,21.333062,14.80415693,12.7277788,12.07352507,21.47408346,21.64758645,999,20.83080105,999,19.05862057,15.82739634,13.70999305,17.98800848,20.36882638,25.36620831
T_UAB_24,T_UAB,24,2,5,7.160544022,19.49705504,17.48510962,17.14596134,6.925672481,15.85951972,18.4752039,7.38390534,15.82719003,19.67228596,18.39647944,9.375026711,13.48421146,19.29780837,999,11.6756348,14.2837677,19.97640086,16.38620581,20.23066182,17.20652856,16.83522876,8.596994836,25.71726041,16.48279385,19.75029619,13.41929569,19.83753007,17.36851056,19.022247,19.25642187,16.03405217,15.22518283,999,15.80398433,21.38843629,12.94677912,15.40676505,10.44039297,12.60746226,16.57349847,18.81986146,15.64768529,999,12.30229263,999,11.72502906,16.17318771,21.72680796,6.245307819,8.03843968,15.86911058,999,17.00682748,13.80132886,15.47715945,19.88212554,10.77039775,13.99765579,20.71167125,15.73330038,20.2084458,20.96843819,15.37975988,14.64124605,13.69140481,10.5508166,9.022471043,15.46999474,21.02566496,33.96161841,18.19771797,20.7197532,15.01912832,12.79058642,11.96865416,17.96355867,17.64029733,21.78082619
T_UAB_24,T_UAB,24,2,20,8.812164303,22.04069667,19.30914417,19.0951443,8.588643719,17.72920307,20.71050783,8.998776517,17.50083786,21.41511068,19.59694813,10.89928512,15.13024604,20.7342613,999,13.39552673,15.71801145,21.76499041,18.00537453,21.91387196,19.05484907,18.42679695,10.21338152,25.54033814,18.13169518,21.68204152,14.95223567,21.47534028,18.92080963,20.61555928,20.81725006,17.69559728,16.78523673,999,17.66194523,22.87330331,14.65409253,16.86140448,12.13320679,14.2860457,18.30737955,20.48700238,17.13679075,41.92598656,13.90607736,999,13.47685022,17.93310301,22.81466063,7.801497052,9.84186466,18.07961236,999,18.8273512,15.51140021,17.0772883,21.58434614,12.42043566,15.74887942,22.9870162,17.47231068,21.9053968,22.6296282,17.2937791,16.38231976,15.42127724,12.26872534,10.77427556,17.13287847,23.1446178,999,19.86679073,22.43118014,16.69441226,14.42148616,13.86793266,19.65223631,19.35499803,25.4940348
T_UAB_25,T_UAB,25,2,5,4.549926371,20.60848776,17.91906259,17.81932302,7.778968788,11.0647494,16.16623121,5.225939165,15.15003009,19.39783788,17.02703754,6.324985957,13.862649,20.48327845,999,9.328557141,9.41386096,18.54420467,13.23955022,18.64368633,16.53090961,17.65900642,6.456957322,21.4904016,18.65180161,20.10605015,14.30159296,16.92773068,8.717393388,17.80208825,17.37160825,15.83759707,14.47492124,999,16.83781941,22.17213179,14.62877984,8.245083105,7.19122302,8.614855768,18.32405634,17.97730882,13.84545982,999,13.57078882,999,12.29227621,21.00979723,15.49676227,3.682389526,8.952678168,14.57438469,999,19.24747853,14.41054997,15.1574719,16.39834879,7.851704695,14.62619581,18.27737093,16.3948691,999,19.91598616,16.63159209,16.06845318,9.230312551,7.846021893,6.55594916,16.36152532,19.78316991,20.32931165,34.2557356,21.17518963,16.34661362,9.64052476,8.969481292,13.78111675,18.0041126,20.32757034
T_UAB_25,T_UAB,25,2,20,5.701723197,22.02503094,19.41706081,19.38451545,9.272701059,12.60977712,17.88876899,6.440081195,16.77558709,20.8748771,18.58154477,7.628085167,15.40643469,21.56120483,999,11.01586648,10.78554087,20.03251247,14.73253624,20.15025233,17.95308825,19.38191571,7.743330753,23.11115455,20.05959346,21.81792002,15.61754697,18.33402636,10.09736541,19.22142564,18.77099131,17.17144113,15.95627844,999,18.4854668,22.88295576,15.97860104,9.45992741,8.55323551,10.12787448,19.8265779,19.21544519,15.244779,999,14.98447509,999,13.79909366,22.98267479,17.04560504,4.470119024,10.39651201,16.10685724,999,20.91312638,15.85080139,16.68876899,17.69487857,9.327991419,16.12031167,19.80039674,17.70692891,999,21.33817768,18.48316876,17.60703603,10.73392805,9.317847967,7.868485066,17.69932907,21.48775042,22.51044053,999,22.17377801,17.80719851,11.02125358,10.32073769,15.23422467,19.54466989,22.21843088
T_UAB_26,T_UAB,26,2,5,5.260053637,18.97363532,18.79086699,17.51630717,7.559936647,11.50405399,16.07012796,4.998255876,15.56090954,19.78045292,16.74251644,6.762408244,14.5818463,19.2661678,999,9.088296872,9.425830582,17.86700085,13.26848103,18.58583244,17.05838084,17.51295328,6.98928394,999,16.74398458,19.98044334,13.61498331,17.62880848,8.767867699,17.61819015,18.59674944,15.67113219,13.46348513,999,17.76440789,999,15.94090757,8.27752115,7.081936595,8.309356766,15.77295134,20.4319256,13.93664758,21.61918603,13.49109524,999,13.76436114,19.67380569,15.75114071,3.955419573,9.733228454,14.36870081,999,17.57838226,14.69015831,16.38166255,14.77200159,7.469767533,16.2327022,18.55983339,15.82346169,20.42023263,999,15.55550223,16.50973981,9.189217982,7.624244548,6.009690714,17.10055256,18.80814019,19.67840065,19.07489543,21.74736448,16.80103319,9.975355332,8.8869841,14.20432643,16.83705012,19.41338401
T_UAB_26,T_UAB,26,2,20,6.69779525,20.76778859,19.9640299,19.71182992,9.21014595,13.28481119,17.72940771,6.430992562,17.20541018,21.84688776,18.5182759,8.542999545,16.23075605,20.8763827,999,10.76597941,11.21792142,19.37297191,14.82401137,20.43686205,18.94754519,19.01581037,8.652989357,999,18.36045781,22.57280929,15.28734909,19.22542685,10.48925327,19.12963028,20.40167533,17.29808537,15.33313941,999,19.23318001,999,17.48434958,9.869622039,8.669768685,9.968945546,17.13691703,22.29424638,15.43716294,23.54514545,15.02371942,999,15.47370962,21.37461393,17.4143295,5.048166742,11.42462236,15.94098923,999,19.3497976,16.22772132,18.21516127,17.13571792,9.035937232,18.01352671,20.1399729,17.3749204,22.38453518,999,17.09127096,17.9263573,10.85735181,9.566459022,7.598753104,18.53670807,20.44580918,21.87806406,20.52000451,22.50972513,18.4583866,11.6269649,10.50593864,15.69836182,18.51588703,20.57589899
T_UAB_27,T_UAB,27,2,5,7.10968254,18.89866221,17.0710944,17.2034613,6.525678875,15.24789223,18.07908417,6.827050443,14.4879607,18.31188583,16.98879975,9.537755643,13.91724587,19.84214249,999,6.959463557,12.72557868,18.95684767,16.44366704,16.75116178,17.20990014,18.44322627,9.034073219,22.72395361,16.77545226,19.03559584,13.59687896,17.49519647,9.697272427,17.97098947,17.65050662,17.43692283,15.33342677,999,17.50090746,20.37360515,12.62105963,10.17680306,9.628061684,11.02215842,18.64729679,16.63147818,16.09982615,999,12.57540214,999,12.95593737,17.16770265,17.20594954,4.801710717,8.552318702,15.8888949,999,16.22980082,13.04310346,14.79409933,18.52244549,11.4008734,15.5504384,19.45324169,17.15416242,19.69855891,18.33012586,16.19319699,13.38678943,12.24920806,10.77206454,9.886901905,15.51998854,999,999,999,22.37608695,14.7123539,12.62167786,11.74797701,16.2066347,999,999
T_UAB_27,T_UAB,27,2,20,8.244645451,19.89689605,18.34721976,18.42105905,7.674673976,16.5490108,19.26616894,7.869260169,15.58880327,19.50618478,18.10290901,10.59178874,15.18959603,21.1515356,999,8.09760272,13.61212362,19.67343761,17.52470135,17.86188985,18.39632281,19.10632917,10.11914371,23.56749804,17.77336981,20.27924577,14.56023446,18.59499942,10.82294054,18.59974522,18.69383823,18.48471078,16.4569389,999,18.75839992,21.57455761,13.69905952,11.52221151,10.77609362,12.16947486,19.86357846,18.02913678,17.31019986,999,13.6685824,999,14.24233043,18.43362376,18.23520249,5.94977305,9.672954768,17.30148309,999,17.32866257,14.05343171,15.9169617,19.61201057,12.77344696,16.64847562,21.02374488,18.2174476,20.70630677,19.85757072,17.36075721,14.53859703,13.35742792,11.82987983,10.92322353,16.60319784,999,999,999,23.2374953,15.80944725,13.7220525,12.90175947,17.50250573,41.7147721,999
T_UAB_28,T_UAB,28,2,5,7.661484228,18.82720482,18.34318669,17.83839483,6.878652006,13.87649822,18.33195117,7.877975427,13.38539794,19.72357495,16.37612266,9.669518743,14.38485728,17.52171818,999,7.346755054,12.07359262,999,17.60670997,16.63488722,16.68607844,19.10920031,8.575182021,21.02218575,16.63560382,19.45948475,13.09610772,18.47455859,10.08933323,21.61653836,16.83724196,17.79830006,15.07910285,999,17.98754796,999,13.12979444,10.82057726,9.425364656,11.5229849,20.03158341,16.48265918,15.42924692,999,13.01629511,999,12.45921506,999,17.33038864,4.423159458,7.588059747,15.65750326,999,16.38321126,14.38421648,15.97635497,19.17721002,11.75710101,17.17114339,17.56070485,17.71435442,999,20.08971886,17.735478,14.85470698,11.8915625,10.75655334,8.941652865,15.53738059,21.70098167,20.53501847,999,21.25146539,15.5633911,12.92634634,11.88045252,15.70041748,19.89766477,19.86934419
T_UAB_28,T_UAB,28,2,20,8.943637232,20.10518554,19.59659769,19.52659803,8.384094536,15.18260943,19.59838186,9.364436036,14.89905298,21.19206348,17.80973342,11.06046905,15.90655048,19.05185905,999,8.72753145,13.34045716,999,18.8142236,17.98290685,18.1996987,20.45194893,10.12775262,22.11626582,18.18085195,20.6524648,14.65961888,19.75879482,11.50938509,22.59295582,18.26618399,19.5536228,16.54312651,999,19.33856453,999,14.56651994,11.90636559,10.93499815,12.97763058,21.42804799,17.93273072,16.67153932,999,14.3388138,999,14.02144305,999,19.23034063,5.414920282,9.089078617,17.30249046,999,17.84247829,15.76250351,17.55301633,19.61877207,12.99417479,18.28644334,19.10014107,19.25126781,999,21.5349093,18.98538054,16.13483567,13.19522271,12.09804996,10.18283745,16.8253674,23.43063674,21.79789071,999,23.39890006,16.84550264,14.19075272,13.34033073,16.94469747,21.35248249,21.03215624
T_UAB_9,T_UAB,9,2,5,10.38540366,20.94633309,19.10589208,19.05035727,7.73099986,17.60395058,19.13336601,10.65981207,16.56677869,21.39296377,18.6112592,10.95670976,15.4550613,999,999,7.465575255,14.08189169,999,18.91606708,19.58115455,20.02674678,19.0867694,11.33873951,20.42674092,19.07501464,20.63292726,16.55934808,18.34053491,12.82586946,17.69003902,18.7704383,18.83843815,15.29328981,17.75668497,20.73563632,20.00489585,16.11868751,13.84750211,12.14473511,14.253538,20.10264484,20.2986057,16.95296628,999,15.81632073,999,17.3453994,999,18.37370731,7.2481569,12.25549089,17.26063898,999,19.19941125,15.95061678,15.70633579,21.49593203,14.17329231,21.56304628,20.90962411,17.36779652,21.55937832,21.80070879,18.32086114,17.91251318,13.95551448,13.51908078,10.90923866,18.98278008,20.40800883,999,999,20.53050027,16.28374933,15.04524563,14.96105915,19.25222685,999,21.02525986
T_UAB_9,T_UAB,9,2,20,11.10888204,21.80405206,19.59847098,19.74605729,8.449850795,18.14478038,20.07851744,11.2409465,17.25352695,20.88274654,19.15581748,11.55559185,15.94822684,999,999,7.99063281,14.79040383,999,19.55850485,20.1022689,20.44925674,19.6238798,11.72596402,21.24215127,19.79975185,21.37481575,16.91517428,18.99514729,13.41923455,18.29612847,19.18820465,19.37739789,15.8239923,18.22886161,20.94801388,20.44921794,16.88438485,14.47823652,12.84325889,14.78059656,20.97536079,21.44713141,17.46713011,40.00044742,16.46081082,999,17.82495614,999,19.05423043,7.750546558,12.71208335,17.60205837,999,19.98603097,16.32008053,16.26694248,20.54277828,14.77640334,21.8560719,20.84059687,17.66775691,22.28134154,21.97981077,19.02140383,18.22237213,14.45548986,14.09202229,11.30873676,19.52706193,21.04583003,999,999,21.10455043,16.85211512,15.62344411,15.60952813,19.64439,999,21.64228534
